Publication,learning,neural,vision
1987_1,17,9,0
1987_2,54,10,0
1987_3,12,7,0
1987_4,33,20,1
1987_5,21,24,0
1987_6,14,10,0
1987_7,0,3,5
1987_8,73,6,0
1987_9,0,4,0
1987_10,11,5,0
1987_11,0,51,0
1987_12,19,1,0
1987_13,7,12,0
1987_14,0,29,0
1987_15,9,20,0
1987_16,0,4,0
1987_17,5,1,0
1987_18,0,10,0
1987_19,0,4,0
1987_20,0,5,0
1987_21,0,19,2
1987_22,0,8,0
1987_23,7,0,0
1987_24,3,4,0
1987_25,10,10,0
1987_26,0,5,0
1987_27,26,10,0
1987_28,3,1,0
1987_29,0,1,0
1987_30,5,15,0
1987_31,2,14,0
1987_32,5,21,0
1987_33,14,9,1
1987_34,10,12,0
1987_35,51,4,0
1987_36,27,8,0
1987_37,9,1,1
1987_38,36,0,0
1987_39,1,7,0
1987_40,14,23,0
1987_41,5,15,0
1987_42,0,7,0
1987_43,2,5,0
1987_44,10,8,0
1987_45,0,2,5
1987_46,72,12,0
1987_47,10,49,0
1987_48,0,7,0
1987_49,0,5,1
1987_50,0,20,0
1987_51,0,3,0
1987_52,0,5,1
1987_53,38,29,1
1987_54,2,9,1
1987_55,2,13,0
1987_56,4,34,0
1987_57,80,2,4
1987_58,2,34,0
1987_59,0,8,0
1987_60,22,62,1
1987_61,1,4,0
1987_62,0,8,0
1987_63,19,13,0
1987_64,1,21,0
1987_65,5,1,7
1987_66,14,0,0
1987_67,62,2,0
1987_68,0,3,0
1987_69,0,9,1
1987_70,11,6,1
1987_71,3,4,0
1987_72,10,6,1
1987_73,2,0,1
1987_74,9,10,0
1987_75,0,24,0
1987_76,9,0,0
1987_77,0,28,1
1987_78,1,5,0
1987_79,13,3,0
1987_80,16,8,2
1987_81,0,16,0
1987_82,1,4,0
1987_83,32,3,0
1987_84,0,30,0
1987_85,2,7,0
1987_86,1,7,0
1987_87,1,4,9
1987_88,30,2,0
1987_89,2,0,0
1987_90,0,6,0
1988_1,28,1,0
1988_2,16,10,0
1988_3,19,1,0
1988_4,35,10,1
1988_5,49,8,0
1988_6,18,26,0
1988_7,3,13,0
1988_8,13,3,0
1988_9,35,1,0
1988_10,27,7,0
1988_11,0,8,0
1988_12,24,2,0
1988_13,18,2,0
1988_14,15,1,0
1988_15,3,9,0
1988_16,1,4,0
1988_17,14,0,0
1988_18,51,8,0
1988_19,20,13,0
1988_20,26,10,0
1988_21,10,1,0
1988_22,0,1,0
1988_23,43,3,0
1988_24,6,4,0
1988_25,24,18,0
1988_26,13,10,0
1988_27,43,20,0
1988_28,10,2,1
1988_29,9,3,1
1988_30,17,7,0
1988_31,5,18,0
1988_32,1,46,0
1988_33,6,30,0
1988_34,2,14,15
1988_35,1,2,3
1988_36,2,22,6
1988_37,0,36,0
1988_38,5,16,2
1988_39,18,14,0
1988_40,6,6,0
1988_41,18,5,5
1988_42,5,10,0
1988_43,0,5,0
1988_44,1,3,0
1988_45,1,15,0
1988_46,1,4,0
1988_47,0,1,0
1988_48,3,14,0
1988_49,34,14,0
1988_50,0,0,0
1988_51,0,0,0
1988_52,1,4,0
1988_53,11,7,0
1988_54,14,4,0
1988_55,0,4,0
1988_56,0,16,0
1988_57,5,23,0
1988_58,5,4,0
1988_59,15,11,0
1988_60,16,2,0
1988_61,5,21,2
1988_62,27,1,0
1988_63,1,5,0
1988_64,14,1,1
1988_65,0,10,0
1988_66,0,29,0
1988_67,4,29,0
1988_68,9,2,0
1988_69,0,3,3
1988_70,2,0,0
1988_71,0,3,0
1988_72,0,10,11
1988_73,1,3,0
1988_74,0,6,0
1988_75,22,1,0
1988_76,18,18,1
1988_77,0,8,0
1988_78,1,29,0
1988_79,13,24,0
1988_80,0,5,11
1988_81,1,13,0
1988_82,0,6,0
1988_83,5,13,0
1988_84,0,0,0
1988_85,1,5,2
1988_86,5,13,0
1988_87,76,10,0
1988_88,9,11,0
1988_89,64,13,0
1988_90,1,12,0
1988_91,1,3,5
1988_92,0,3,0
1988_93,5,1,0
1988_94,4,12,0
1988_95,0,0,0
1989_1,0,18,0
1989_2,0,3,0
1989_3,1,21,0
1989_4,0,11,0
1989_5,1,27,1
1989_6,1,25,0
1989_7,2,9,0
1989_8,1,15,0
1989_9,15,4,0
1989_10,0,1,0
1989_11,0,2,0
1989_12,0,3,0
1989_13,2,3,0
1989_14,4,8,0
1989_15,0,5,0
1989_16,25,5,0
1989_17,10,1,0
1989_18,0,2,0
1989_19,2,5,0
1989_20,0,9,0
1989_21,5,20,0
1989_22,9,6,0
1989_23,2,6,0
1989_24,0,20,0
1989_25,5,11,0
1989_26,6,15,0
1989_27,15,19,0
1989_28,10,2,0
1989_29,3,11,0
1989_30,0,15,0
1989_31,1,11,1
1989_32,40,9,5
1989_33,7,5,5
1989_34,8,2,1
1989_35,0,3,12
1989_36,10,0,1
1989_37,5,2,2
1989_38,0,1,0
1989_39,13,6,0
1989_40,51,2,0
1989_41,8,1,0
1989_42,15,6,1
1989_43,12,19,0
1989_44,1,10,0
1989_45,12,1,0
1989_46,5,0,1
1989_47,33,37,0
1989_48,8,0,0
1989_49,11,4,2
1989_50,26,14,1
1989_51,4,35,0
1989_52,2,18,0
1989_53,34,1,0
1989_54,23,0,0
1989_55,29,22,0
1989_56,6,10,0
1989_57,22,9,0
1989_58,51,12,1
1989_59,21,1,0
1989_60,25,7,0
1989_61,32,25,0
1989_62,26,4,0
1989_63,42,2,0
1989_64,27,7,0
1989_65,22,6,0
1989_66,5,11,0
1989_67,38,3,0
1989_68,3,10,0
1989_69,30,20,0
1989_70,17,9,0
1989_71,13,9,0
1989_72,2,2,0
1989_73,8,13,0
1989_74,27,5,0
1989_75,4,2,4
1989_76,1,4,0
1989_77,10,3,0
1989_78,8,2,0
1989_79,17,7,0
1989_80,15,4,0
1989_81,0,8,9
1989_82,10,8,0
1989_83,60,1,0
1989_84,40,13,0
1989_85,2,4,0
1989_86,2,81,0
1989_87,26,21,0
1989_88,5,11,0
1989_89,0,2,1
1989_90,43,2,0
1989_91,9,2,1
1989_92,0,4,15
1989_93,2,34,0
1989_94,3,22,0
1989_95,0,12,0
1989_96,0,27,1
1989_97,0,7,0
1989_98,7,11,0
1989_99,30,6,0
1989_100,3,33,0
1989_101,15,38,0
1990_1,0,1,0
1990_2,1,2,0
1990_3,0,6,0
1990_4,0,3,0
1990_5,3,18,0
1990_6,5,3,0
1990_7,18,6,0
1990_8,0,5,0
1990_9,0,27,0
1990_10,19,6,0
1990_11,0,14,0
1990_12,4,4,0
1990_13,24,3,0
1990_14,0,6,4
1990_15,10,10,0
1990_16,23,32,0
1990_17,0,2,0
1990_18,0,18,0
1990_19,0,5,0
1990_20,3,14,0
1990_21,35,22,0
1990_22,15,34,0
1990_23,24,6,0
1990_24,15,13,0
1990_25,39,0,0
1990_26,34,7,0
1990_27,0,16,0
1990_28,2,20,0
1990_29,2,4,0
1990_30,0,15,0
1990_31,0,13,0
1990_32,1,3,0
1990_33,2,12,0
1990_34,0,4,0
1990_35,0,1,0
1990_36,6,15,0
1990_37,0,9,0
1990_38,0,5,0
1990_39,0,26,1
1990_40,20,4,2
1990_41,0,18,4
1990_42,1,33,0
1990_43,16,5,0
1990_44,26,18,2
1990_45,0,1,2
1990_46,0,8,1
1990_47,0,3,3
1990_48,4,4,6
1990_49,0,3,0
1990_50,0,8,4
1990_51,0,8,0
1990_52,0,2,0
1990_53,0,2,2
1990_54,0,2,0
1990_55,0,6,2
1990_56,8,22,0
1990_57,1,22,0
1990_58,12,14,6
1990_59,28,13,0
1990_60,2,15,0
1990_61,7,3,0
1990_62,21,5,0
1990_63,37,1,0
1990_64,59,0,0
1990_65,72,1,0
1990_66,14,4,0
1990_67,3,21,0
1990_68,31,4,0
1990_69,2,9,0
1990_70,4,18,0
1990_71,3,11,0
1990_72,18,20,0
1990_73,8,37,0
1990_74,6,11,0
1990_75,0,3,0
1990_76,15,9,0
1990_77,13,6,0
1990_78,3,13,0
1990_79,4,48,0
1990_80,0,11,0
1990_81,0,0,0
1990_82,9,1,0
1990_83,24,1,0
1990_84,0,5,0
1990_85,9,10,0
1990_86,28,10,0
1990_87,2,2,0
1990_88,15,12,0
1990_89,64,1,0
1990_90,29,3,0
1990_91,26,2,0
1990_92,8,1,0
1990_93,27,11,0
1990_94,19,5,1
1990_95,10,5,0
1990_96,2,3,0
1990_97,27,7,0
1990_98,3,18,0
1990_99,11,6,0
1990_100,14,8,0
1990_101,1,7,0
1990_102,14,0,3
1990_103,21,7,0
1990_104,36,5,3
1990_105,6,3,1
1990_106,27,5,0
1990_107,13,3,0
1990_108,0,6,2
1990_109,83,10,0
1990_110,0,19,0
1990_111,1,11,0
1990_112,5,2,0
1990_113,19,4,0
1990_114,12,5,0
1990_115,28,6,0
1990_116,2,13,0
1990_117,17,9,0
1990_118,1,1,0
1990_119,9,1,0
1990_120,0,12,0
1990_121,9,6,0
1990_122,15,6,0
1990_123,35,5,0
1990_124,16,9,0
1990_125,24,3,0
1990_126,8,8,0
1990_127,4,7,1
1990_128,2,17,0
1990_129,11,30,0
1990_130,0,4,0
1990_131,13,6,0
1990_132,0,13,0
1990_133,7,7,0
1990_134,21,3,0
1990_135,20,35,3
1990_136,0,8,0
1990_137,18,7,0
1990_138,48,7,0
1990_139,11,13,4
1990_140,4,5,0
1990_141,1,22,0
1990_142,1,10,0
1990_143,10,14,0
1991_1,2,14,0
1991_2,0,6,0
1991_3,2,4,0
1991_4,0,5,1
1991_5,24,6,0
1991_6,0,1,0
1991_7,0,5,0
1991_8,23,9,0
1991_9,0,11,0
1991_10,0,0,5
1991_11,2,4,0
1991_12,1,0,0
1991_13,0,9,0
1991_14,32,24,0
1991_15,0,10,0
1991_16,0,16,1
1991_17,6,13,0
1991_18,11,27,0
1991_19,5,19,0
1991_20,1,13,0
1991_21,1,5,0
1991_22,1,9,0
1991_23,10,13,0
1991_24,7,11,0
1991_25,0,8,0
1991_26,15,3,0
1991_27,4,2,0
1991_28,46,0,0
1991_29,2,0,0
1991_30,0,9,0
1991_31,74,2,0
1991_32,53,2,0
1991_33,10,16,0
1991_34,26,10,0
1991_35,5,15,0
1991_36,37,26,0
1991_37,2,21,0
1991_38,1,5,0
1991_39,39,41,0
1991_40,7,4,0
1991_41,28,23,0
1991_42,0,9,0
1991_43,4,20,1
1991_44,0,1,0
1991_45,35,4,1
1991_46,30,4,1
1991_47,2,5,1
1991_48,1,2,9
1991_49,4,3,19
1991_50,0,1,0
1991_51,1,4,2
1991_52,2,9,0
1991_53,0,19,4
1991_54,12,5,3
1991_55,22,8,1
1991_56,0,11,1
1991_57,3,6,2
1991_58,9,6,0
1991_59,0,22,3
1991_60,2,11,0
1991_61,6,21,0
1991_62,2,15,4
1991_63,14,4,1
1991_64,35,1,1
1991_65,28,4,1
1991_66,0,21,0
1991_67,52,11,1
1991_68,12,31,0
1991_69,29,6,0
1991_70,51,6,0
1991_71,36,12,0
1991_72,17,9,0
1991_73,14,9,1
1991_74,7,11,0
1991_75,14,4,1
1991_76,0,0,3
1991_77,0,0,0
1991_78,2,15,0
1991_79,4,14,0
1991_80,1,4,0
1991_81,23,19,0
1991_82,2,11,0
1991_83,7,6,0
1991_84,2,11,0
1991_85,1,2,1
1991_86,2,11,0
1991_87,4,23,0
1991_88,0,8,4
1991_89,0,56,0
1991_90,8,8,0
1991_91,4,25,0
1991_92,0,7,0
1991_93,0,2,2
1991_94,0,7,1
1991_95,1,26,0
1991_96,5,6,0
1991_97,2,2,0
1991_98,0,5,13
1991_99,4,8,1
1991_100,0,6,0
1991_101,20,4,0
1991_102,21,11,0
1991_103,6,15,0
1991_104,8,4,0
1991_105,45,6,0
1991_106,4,6,0
1991_107,53,12,0
1991_108,16,3,0
1991_109,12,5,0
1991_110,23,0,0
1991_111,22,0,0
1991_112,32,5,0
1991_113,20,0,0
1991_114,4,3,0
1991_115,17,4,0
1991_116,4,7,0
1991_117,27,12,0
1991_118,36,7,1
1991_119,30,8,0
1991_120,18,24,0
1991_121,17,6,0
1991_122,8,11,0
1991_123,25,4,0
1991_124,16,3,0
1991_125,34,11,0
1991_126,1,12,1
1991_127,3,14,0
1991_128,6,15,0
1991_129,5,2,0
1991_130,9,8,0
1991_131,7,2,0
1991_132,9,15,0
1991_133,8,9,0
1991_134,0,0,0
1991_135,2,5,0
1991_136,5,1,0
1991_137,2,11,0
1991_138,12,1,0
1991_139,3,5,0
1991_140,63,5,0
1991_141,8,2,0
1991_142,14,31,0
1991_143,27,5,0
1991_144,36,13,0
1992_1,1,28,0
1992_2,12,1,0
1992_3,2,26,0
1992_4,1,4,1
1992_5,3,4,0
1992_6,11,18,0
1992_7,4,5,0
1992_8,0,28,0
1992_9,54,18,0
1992_10,49,6,0
1992_11,57,4,0
1992_12,9,8,0
1992_13,12,11,0
1992_14,22,7,0
1992_15,24,12,0
1992_16,3,9,0
1992_17,32,9,1
1992_18,3,6,0
1992_19,10,4,0
1992_20,44,7,0
1992_21,11,11,0
1992_22,20,7,2
1992_23,20,37,0
1992_24,11,11,1
1992_25,0,17,0
1992_26,27,18,0
1992_27,0,6,0
1992_28,16,3,0
1992_29,4,11,0
1992_30,15,8,0
1992_31,58,14,0
1992_32,8,11,0
1992_33,28,1,0
1992_34,59,3,0
1992_35,6,9,0
1992_36,97,26,0
1992_37,56,2,0
1992_38,29,17,0
1992_39,14,20,0
1992_40,7,16,0
1992_41,47,4,0
1992_42,51,11,0
1992_43,11,11,0
1992_44,30,17,0
1992_45,39,9,0
1992_46,2,0,0
1992_47,0,5,0
1992_48,0,0,2
1992_49,3,6,7
1992_50,0,15,2
1992_51,0,1,0
1992_52,7,12,8
1992_53,29,10,0
1992_54,0,6,0
1992_55,15,8,6
1992_56,23,5,0
1992_57,22,6,0
1992_58,14,10,1
1992_59,23,4,0
1992_60,58,7,0
1992_61,26,9,1
1992_62,11,5,0
1992_63,41,8,0
1992_64,0,2,0
1992_65,11,3,0
1992_66,6,4,0
1992_67,2,14,0
1992_68,1,11,0
1992_69,3,6,0
1992_70,0,3,0
1992_71,0,12,0
1992_72,3,10,0
1992_73,37,6,0
1992_74,1,5,0
1992_75,27,15,0
1992_76,1,16,0
1992_77,0,12,0
1992_78,54,8,0
1992_79,0,6,0
1992_80,6,1,0
1992_81,9,12,0
1992_82,0,4,0
1992_83,2,2,0
1992_84,0,14,0
1992_85,18,27,0
1992_86,3,11,0
1992_87,0,26,0
1992_88,2,13,0
1992_89,4,16,0
1992_90,0,0,0
1992_91,0,15,0
1992_92,9,0,0
1992_93,10,19,0
1992_94,4,6,0
1992_95,7,35,2
1992_96,0,3,3
1992_97,8,18,0
1992_98,4,28,1
1992_99,5,23,0
1992_100,0,4,0
1992_101,0,10,0
1992_102,0,1,12
1992_103,48,20,0
1992_104,2,3,0
1992_105,1,10,0
1992_106,27,13,0
1992_107,7,13,1
1992_108,0,1,0
1992_109,31,19,0
1992_110,3,11,0
1992_111,2,14,0
1992_112,0,11,0
1992_113,0,13,0
1992_114,5,0,0
1992_115,52,0,0
1992_116,2,5,0
1992_117,6,4,0
1992_118,65,5,1
1992_119,49,0,0
1992_120,0,1,0
1992_121,1,5,0
1992_122,0,5,2
1992_123,2,14,0
1992_124,2,6,1
1992_125,0,14,2
1992_126,1,1,0
1992_127,1,3,0
1993_1,21,4,0
1993_2,18,2,0
1993_3,23,23,0
1993_4,18,6,0
1993_5,8,7,0
1993_6,35,1,2
1993_7,0,1,0
1993_8,51,5,0
1993_9,9,8,0
1993_10,20,10,0
1993_11,17,6,0
1993_12,7,19,0
1993_13,9,6,2
1993_14,0,16,0
1993_15,19,6,0
1993_16,38,6,0
1993_17,6,16,2
1993_18,26,4,1
1993_19,11,4,0
1993_20,3,5,0
1993_21,32,1,0
1993_22,3,2,0
1993_23,15,1,0
1993_24,13,2,0
1993_25,1,29,0
1993_26,2,13,0
1993_27,1,10,0
1993_28,24,8,0
1993_29,4,14,0
1993_30,32,8,0
1993_31,10,23,0
1993_32,7,7,0
1993_33,15,3,0
1993_34,2,6,0
1993_35,8,9,0
1993_36,16,14,0
1993_37,34,13,2
1993_38,7,19,0
1993_39,64,9,0
1993_40,48,22,0
1993_41,1,19,0
1993_42,22,1,0
1993_43,0,37,0
1993_44,23,5,0
1993_45,6,4,0
1993_46,1,45,0
1993_47,6,9,0
1993_48,8,3,0
1993_49,15,22,0
1993_50,7,12,0
1993_51,15,4,0
1993_52,40,13,0
1993_53,4,1,0
1993_54,17,25,0
1993_55,14,29,0
1993_56,0,2,0
1993_57,1,4,0
1993_58,0,46,0
1993_59,4,6,0
1993_60,0,8,0
1993_61,21,6,0
1993_62,0,10,0
1993_63,0,31,0
1993_64,18,10,0
1993_65,1,7,0
1993_66,0,1,0
1993_67,3,9,0
1993_68,0,9,0
1993_69,1,5,3
1993_70,0,2,1
1993_71,0,2,2
1993_72,13,7,0
1993_73,2,0,0
1993_74,0,10,1
1993_75,0,10,0
1993_76,29,7,0
1993_77,18,5,2
1993_78,23,12,0
1993_79,1,10,0
1993_80,0,7,0
1993_81,55,2,0
1993_82,23,12,0
1993_83,52,1,0
1993_84,6,0,0
1993_85,35,4,0
1993_86,32,17,0
1993_87,10,0,0
1993_88,24,4,0
1993_89,49,1,0
1993_90,23,1,0
1993_91,14,5,0
1993_92,0,11,0
1993_93,1,18,0
1993_94,1,11,1
1993_95,0,16,2
1993_96,10,7,0
1993_97,1,5,6
1993_98,3,10,1
1993_99,0,11,0
1993_100,5,17,0
1993_101,33,39,0
1993_102,4,17,0
1993_103,40,3,0
1993_104,4,10,0
1993_105,8,1,1
1993_106,4,17,4
1993_107,8,16,0
1993_108,57,20,0
1993_109,1,20,1
1993_110,0,14,0
1993_111,0,9,4
1993_112,12,37,0
1993_113,31,17,0
1993_114,0,14,0
1993_115,15,3,0
1993_116,14,12,0
1993_117,1,15,0
1993_118,3,21,0
1993_119,7,0,4
1993_120,0,3,6
1993_121,5,5,7
1993_122,0,1,1
1993_123,0,0,4
1993_124,0,5,2
1993_125,0,16,0
1993_126,10,5,10
1993_127,2,27,0
1993_128,1,2,0
1993_129,5,11,1
1993_130,10,14,1
1993_131,11,15,0
1993_132,10,7,0
1993_133,5,40,0
1993_134,0,20,6
1993_135,41,3,0
1993_136,19,7,0
1993_137,20,14,0
1993_138,21,2,0
1993_139,0,3,0
1993_140,26,9,0
1993_141,7,4,0
1993_142,10,3,0
1993_143,3,10,0
1993_144,5,13,0
1994_1,0,0,0
1994_2,4,3,0
1994_3,108,8,0
1994_4,24,8,0
1994_5,0,23,0
1994_6,6,2,3
1994_7,9,2,0
1994_8,9,3,0
1994_9,1,8,0
1994_10,23,6,0
1994_11,3,17,0
1994_12,4,2,0
1994_13,46,5,0
1994_14,5,5,0
1994_15,4,0,1
1994_16,38,4,4
1994_17,0,0,0
1994_18,1,9,0
1994_19,0,15,0
1994_20,0,5,0
1994_21,13,4,2
1994_22,6,11,0
1994_23,6,31,0
1994_24,4,8,0
1994_25,0,13,4
1994_26,29,4,0
1994_27,12,8,0
1994_28,8,7,0
1994_29,26,18,0
1994_30,45,13,0
1994_31,28,12,0
1994_32,13,4,0
1994_33,42,12,0
1994_34,0,15,0
1994_35,40,5,1
1994_36,47,3,0
1994_37,4,6,0
1994_38,68,4,0
1994_39,14,20,0
1994_40,10,3,0
1994_41,2,8,0
1994_42,16,12,0
1994_43,46,2,0
1994_44,67,3,0
1994_45,47,2,0
1994_46,28,4,0
1994_47,45,3,0
1994_48,92,3,0
1994_49,33,3,0
1994_50,52,1,0
1994_51,45,12,0
1994_52,9,10,1
1994_53,33,12,0
1994_54,28,5,0
1994_55,4,11,0
1994_56,9,9,4
1994_57,0,3,0
1994_58,16,4,0
1994_59,18,9,0
1994_60,50,14,0
1994_61,25,7,0
1994_62,40,23,1
1994_63,10,40,1
1994_64,1,0,0
1994_65,5,14,0
1994_66,11,21,0
1994_67,26,12,0
1994_68,7,7,0
1994_69,27,4,0
1994_70,43,3,3
1994_71,4,5,0
1994_72,4,6,0
1994_73,17,5,0
1994_74,57,1,0
1994_75,13,9,0
1994_76,5,9,0
1994_77,39,5,0
1994_78,19,27,0
1994_79,11,8,0
1994_80,0,13,0
1994_81,12,13,0
1994_82,72,6,0
1994_83,8,9,0
1994_84,4,12,0
1994_85,2,1,0
1994_86,9,8,1
1994_87,12,25,0
1994_88,39,20,0
1994_89,26,10,2
1994_90,55,6,0
1994_91,1,17,0
1994_92,1,7,0
1994_93,3,12,1
1994_94,13,8,1
1994_95,0,5,0
1994_96,1,8,0
1994_97,0,8,1
1994_98,0,6,1
1994_99,0,14,0
1994_100,33,14,0
1994_101,3,30,0
1994_102,18,1,0
1994_103,0,4,0
1994_104,0,3,0
1994_105,8,9,0
1994_106,6,3,0
1994_107,0,17,0
1994_108,4,9,0
1994_109,0,7,0
1994_110,0,17,0
1994_111,25,1,9
1994_112,0,13,0
1994_113,1,1,4
1994_114,88,4,4
1994_115,9,14,3
1994_116,34,5,1
1994_117,13,19,0
1994_118,10,6,1
1994_119,1,3,2
1994_120,2,20,2
1994_121,16,5,3
1994_122,16,16,3
1994_123,23,7,0
1994_124,10,4,0
1994_125,1,25,0
1994_126,6,8,1
1994_127,13,2,0
1994_128,3,100,0
1994_129,4,11,0
1994_130,6,23,0
1994_131,1,6,0
1994_132,1,25,0
1994_133,71,31,0
1994_134,14,7,1
1994_135,7,0,2
1994_136,0,12,0
1994_137,4,29,0
1994_138,1,25,0
1994_139,58,4,0
1994_140,20,7,3
1995_1,13,4,0
1995_2,1,1,0
1995_3,18,5,1
1995_4,31,27,0
1995_5,0,3,0
1995_6,1,5,0
1995_7,26,12,1
1995_8,0,1,0
1995_9,5,2,0
1995_10,0,2,1
1995_11,0,5,0
1995_12,4,13,0
1995_13,3,11,0
1995_14,0,5,0
1995_15,0,9,0
1995_16,38,9,0
1995_17,0,1,2
1995_18,28,1,0
1995_19,34,5,0
1995_20,30,3,0
1995_21,3,1,0
1995_22,3,13,0
1995_23,11,20,1
1995_24,79,6,0
1995_25,15,6,0
1995_26,8,2,0
1995_27,21,7,0
1995_28,19,14,0
1995_29,25,12,0
1995_30,0,9,0
1995_31,30,5,0
1995_32,29,8,0
1995_33,0,3,0
1995_34,6,7,0
1995_35,2,14,0
1995_36,0,14,0
1995_37,23,1,0
1995_38,5,19,0
1995_39,39,12,0
1995_40,0,11,0
1995_41,34,5,0
1995_42,47,11,0
1995_43,27,6,0
1995_44,20,6,0
1995_45,1,9,0
1995_46,41,1,0
1995_47,0,2,0
1995_48,5,36,0
1995_49,29,6,0
1995_50,6,8,0
1995_51,3,5,0
1995_52,4,4,0
1995_53,1,22,0
1995_54,20,4,0
1995_55,0,6,0
1995_56,15,20,1
1995_57,29,7,1
1995_58,1,1,0
1995_59,0,1,0
1995_60,37,8,0
1995_61,2,1,0
1995_62,2,3,0
1995_63,35,10,0
1995_64,28,15,0
1995_65,10,26,0
1995_66,2,6,0
1995_67,18,4,0
1995_68,34,10,0
1995_69,9,6,0
1995_70,38,24,0
1995_71,11,5,0
1995_72,2,1,0
1995_73,4,18,0
1995_74,4,15,0
1995_75,15,10,0
1995_76,12,39,0
1995_77,7,11,0
1995_78,21,6,0
1995_79,3,4,0
1995_80,59,10,0
1995_81,60,4,1
1995_82,21,17,0
1995_83,2,5,0
1995_84,19,9,1
1995_85,10,8,0
1995_86,49,4,0
1995_87,9,8,0
1995_88,1,12,0
1995_89,2,17,0
1995_90,0,15,4
1995_91,130,21,1
1995_92,25,18,0
1995_93,54,2,0
1995_94,13,4,0
1995_95,0,0,0
1995_96,0,2,1
1995_97,0,4,0
1995_98,0,3,1
1995_99,0,0,0
1995_100,0,1,4
1995_101,1,0,3
1995_102,0,1,2
1995_103,0,11,0
1995_104,12,9,0
1995_105,1,15,0
1995_106,0,5,0
1995_107,21,6,0
1995_108,2,7,1
1995_109,7,8,1
1995_110,1,10,0
1995_111,6,12,1
1995_112,0,4,0
1995_113,0,8,12
1995_114,12,3,0
1995_115,34,21,6
1995_116,0,7,0
1995_117,2,3,9
1995_118,0,3,4
1995_119,0,15,5
1995_120,7,4,3
1995_121,40,4,9
1995_122,1,2,4
1995_123,1,19,0
1995_124,3,11,0
1995_125,36,4,0
1995_126,44,3,1
1995_127,8,32,9
1995_128,2,8,0
1995_129,4,12,0
1995_130,3,11,0
1995_131,1,14,0
1995_132,0,11,0
1995_133,40,4,0
1995_134,20,4,0
1995_135,61,5,0
1995_136,4,12,0
1995_137,0,48,0
1995_138,2,20,0
1995_139,23,9,0
1995_140,3,1,0
1995_141,12,3,0
1995_142,1,43,0
1995_143,23,5,0
1995_144,36,18,0
1995_145,2,39,0
1995_146,52,5,0
1995_147,6,7,0
1995_148,56,5,0
1995_149,22,3,0
1995_150,14,4,0
1995_151,23,3,0
1995_152,36,1,0
1996_1,23,0,0
1996_2,45,3,0
1996_3,9,10,2
1996_4,0,3,0
1996_5,0,4,1
1996_6,10,1,2
1996_7,2,6,3
1996_8,0,9,0
1996_9,0,2,0
1996_10,0,32,4
1996_11,7,5,0
1996_12,1,3,0
1996_13,0,0,1
1996_14,0,1,1
1996_15,0,5,2
1996_16,0,11,0
1996_17,0,0,0
1996_18,43,19,0
1996_19,15,17,0
1996_20,21,8,0
1996_21,0,19,0
1996_22,2,0,0
1996_23,32,13,0
1996_24,33,3,0
1996_25,1,15,0
1996_26,12,7,0
1996_27,40,8,0
1996_28,14,16,1
1996_29,39,0,0
1996_30,0,30,0
1996_31,0,26,0
1996_32,7,11,0
1996_33,17,3,0
1996_34,0,7,0
1996_35,32,10,0
1996_36,4,6,0
1996_37,30,7,0
1996_38,3,1,0
1996_39,63,4,0
1996_40,1,0,0
1996_41,40,8,0
1996_42,3,29,0
1996_43,26,20,0
1996_44,4,13,0
1996_45,8,3,0
1996_46,1,0,0
1996_47,3,10,0
1996_48,2,19,0
1996_49,1,9,0
1996_50,3,7,0
1996_51,7,0,3
1996_52,9,1,0
1996_53,9,7,0
1996_54,4,22,0
1996_55,36,9,0
1996_56,0,3,0
1996_57,10,11,0
1996_58,0,14,0
1996_59,65,10,0
1996_60,14,1,0
1996_61,3,1,0
1996_62,1,3,3
1996_63,4,2,0
1996_64,16,6,0
1996_65,0,4,0
1996_66,5,18,0
1996_67,19,19,0
1996_68,52,10,0
1996_69,4,4,0
1996_70,11,17,0
1996_71,6,4,0
1996_72,4,8,0
1996_73,25,15,0
1996_74,7,13,0
1996_75,22,5,0
1996_76,12,7,0
1996_77,2,15,0
1996_78,6,6,0
1996_79,2,0,0
1996_80,34,17,0
1996_81,41,7,0
1996_82,40,14,0
1996_83,3,9,0
1996_84,8,17,0
1996_85,54,5,0
1996_86,46,8,0
1996_87,2,8,1
1996_88,0,7,0
1996_89,43,12,0
1996_90,14,8,0
1996_91,14,3,0
1996_92,5,1,0
1996_93,0,2,0
1996_94,16,6,1
1996_95,7,8,0
1996_96,1,5,0
1996_97,0,34,0
1996_98,24,6,0
1996_99,0,5,1
1996_100,0,7,3
1996_101,0,13,1
1996_102,2,2,0
1996_103,0,0,0
1996_104,0,4,0
1996_105,0,2,0
1996_106,7,3,0
1996_107,17,5,0
1996_108,8,31,0
1996_109,3,64,0
1996_110,2,33,0
1996_111,20,0,0
1996_112,0,14,0
1996_113,4,9,0
1996_114,14,17,0
1996_115,24,8,1
1996_116,35,10,0
1996_117,7,7,1
1996_118,1,8,2
1996_119,12,4,12
1996_120,2,10,2
1996_121,0,2,6
1996_122,5,3,1
1996_123,10,10,1
1996_124,0,1,5
1996_125,0,0,2
1996_126,2,10,2
1996_127,0,6,0
1996_128,0,0,4
1996_129,0,6,4
1996_130,0,14,3
1996_131,0,17,0
1996_132,8,0,0
1996_133,32,17,0
1996_134,0,21,0
1996_135,2,12,0
1996_136,2,40,0
1996_137,19,5,0
1996_138,0,8,0
1996_139,17,7,0
1996_140,1,9,1
1996_141,65,6,0
1996_142,31,5,0
1996_143,37,0,0
1996_144,55,0,0
1996_145,12,0,0
1996_146,152,7,2
1996_147,47,6,0
1996_148,30,0,0
1996_149,42,3,0
1996_150,11,7,0
1996_151,28,2,0
1996_152,22,3,0
1997_1,9,9,2
1997_2,7,14,2
1997_3,12,8,1
1997_4,0,7,0
1997_5,36,4,0
1997_6,1,0,0
1997_7,12,3,0
1997_8,1,1,0
1997_9,7,0,0
1997_10,0,0,1
1997_11,16,3,0
1997_12,5,10,0
1997_13,12,7,0
1997_14,0,11,0
1997_15,0,10,2
1997_16,0,7,1
1997_17,37,4,1
1997_18,3,1,0
1997_19,3,13,0
1997_20,0,1,0
1997_21,55,2,0
1997_22,0,5,0
1997_23,0,0,0
1997_24,1,18,1
1997_25,1,3,5
1997_26,0,2,1
1997_27,0,12,5
1997_28,2,16,0
1997_29,0,6,0
1997_30,1,4,2
1997_31,18,5,2
1997_32,1,6,0
1997_33,1,7,0
1997_34,0,2,5
1997_35,30,7,0
1997_36,1,12,0
1997_37,4,3,0
1997_38,2,13,0
1997_39,1,1,0
1997_40,26,3,0
1997_41,13,6,0
1997_42,0,9,0
1997_43,17,4,0
1997_44,3,3,0
1997_45,1,5,0
1997_46,39,5,0
1997_47,0,16,0
1997_48,14,4,0
1997_49,4,0,1
1997_50,5,5,0
1997_51,25,2,0
1997_52,26,1,0
1997_53,6,15,0
1997_54,2,4,0
1997_55,28,6,0
1997_56,18,15,0
1997_57,6,13,0
1997_58,9,3,0
1997_59,10,4,0
1997_60,27,10,1
1997_61,2,2,0
1997_62,17,2,0
1997_63,19,0,0
1997_64,55,0,0
1997_65,16,7,0
1997_66,2,1,0
1997_67,7,11,0
1997_68,1,1,0
1997_69,27,3,1
1997_70,0,10,0
1997_71,23,0,0
1997_72,1,0,0
1997_73,35,2,0
1997_74,20,7,0
1997_75,6,2,3
1997_76,4,1,0
1997_77,4,0,0
1997_78,8,8,0
1997_79,24,2,0
1997_80,0,3,0
1997_81,36,0,1
1997_82,0,3,0
1997_83,6,3,0
1997_84,66,10,0
1997_85,10,10,1
1997_86,30,18,0
1997_87,29,0,0
1997_88,4,4,0
1997_89,18,4,1
1997_90,14,6,0
1997_91,7,4,0
1997_92,20,20,0
1997_93,45,13,0
1997_94,12,14,0
1997_95,13,4,0
1997_96,16,13,1
1997_97,14,4,0
1997_98,0,2,2
1997_99,17,5,0
1997_100,3,24,0
1997_101,0,1,0
1997_102,0,7,0
1997_103,0,9,10
1997_104,5,12,0
1997_105,2,8,0
1997_106,0,3,0
1997_107,2,3,0
1997_108,1,32,0
1997_109,2,2,2
1997_110,1,2,5
1997_111,2,0,6
1997_112,0,4,2
1997_113,0,0,0
1997_114,0,10,3
1997_115,24,2,0
1997_116,0,1,5
1997_117,21,0,3
1997_118,0,0,2
1997_119,0,1,2
1997_120,2,3,5
1997_121,8,7,8
1997_122,2,1,1
1997_123,0,1,6
1997_124,0,3,3
1997_125,27,24,0
1997_126,7,8,0
1997_127,16,5,0
1997_128,15,37,2
1997_129,0,0,0
1997_130,19,3,0
1997_131,45,2,0
1997_132,19,5,0
1997_133,10,18,0
1997_134,2,4,1
1997_135,9,10,0
1997_136,11,20,0
1997_137,9,35,0
1997_138,3,14,0
1997_139,3,14,0
1997_140,33,18,0
1997_141,26,1,0
1997_142,76,2,1
1997_143,2,0,0
1997_144,39,0,0
1997_145,11,0,0
1997_146,19,1,0
1997_147,55,5,0
1997_148,42,2,0
1997_149,10,0,0
1997_150,47,2,0
1997_151,120,4,0
1998_1,18,12,0
1998_2,16,11,1
1998_3,8,4,0
1998_4,1,2,0
1998_5,43,8,0
1998_6,1,7,0
1998_7,65,0,0
1998_8,17,7,0
1998_9,59,2,0
1998_10,23,12,0
1998_11,8,4,0
1998_12,8,4,0
1998_13,0,0,0
1998_14,3,4,0
1998_15,0,2,1
1998_16,0,7,0
1998_17,0,5,0
1998_18,44,4,0
1998_19,0,3,0
1998_20,22,1,0
1998_21,0,6,0
1998_22,1,8,5
1998_23,20,7,1
1998_24,0,3,0
1998_25,0,10,2
1998_26,9,5,0
1998_27,6,11,0
1998_28,35,5,0
1998_29,15,4,0
1998_30,0,8,0
1998_31,4,7,0
1998_32,13,1,0
1998_33,9,8,0
1998_34,4,5,0
1998_35,1,1,0
1998_36,11,2,0
1998_37,2,4,0
1998_38,0,12,0
1998_39,0,12,1
1998_40,0,43,0
1998_41,7,3,0
1998_42,7,26,0
1998_43,9,6,0
1998_44,5,17,0
1998_45,22,2,0
1998_46,3,7,0
1998_47,8,5,0
1998_48,2,7,0
1998_49,33,2,0
1998_50,7,8,0
1998_51,19,8,0
1998_52,11,2,0
1998_53,18,4,1
1998_54,0,5,0
1998_55,34,1,3
1998_56,41,0,0
1998_57,20,7,0
1998_58,3,17,0
1998_59,5,0,0
1998_60,0,1,0
1998_61,22,2,0
1998_62,10,4,1
1998_63,6,7,0
1998_64,2,3,0
1998_65,11,16,0
1998_66,20,10,1
1998_67,1,3,0
1998_68,3,2,2
1998_69,1,2,1
1998_70,1,6,1
1998_71,6,1,0
1998_72,22,7,1
1998_73,15,7,0
1998_74,13,18,0
1998_75,0,6,0
1998_76,1,2,0
1998_77,6,2,0
1998_78,0,9,2
1998_79,8,1,0
1998_80,15,4,0
1998_81,0,5,0
1998_82,16,3,0
1998_83,2,1,0
1998_84,0,3,0
1998_85,1,2,0
1998_86,11,0,3
1998_87,1,9,0
1998_88,4,7,0
1998_89,0,1,0
1998_90,2,4,0
1998_91,1,0,8
1998_92,18,5,0
1998_93,0,8,4
1998_94,25,18,0
1998_95,8,3,0
1998_96,2,4,0
1998_97,0,5,7
1998_98,0,4,0
1998_99,0,2,4
1998_100,0,1,8
1998_101,6,8,1
1998_102,9,1,1
1998_103,1,1,0
1998_104,2,18,0
1998_105,0,3,0
1998_106,7,0,0
1998_107,35,2,1
1998_108,6,1,1
1998_109,16,4,14
1998_110,10,1,4
1998_111,0,2,1
1998_112,0,12,1
1998_113,2,0,3
1998_114,55,7,8
1998_115,0,0,6
1998_116,0,1,5
1998_117,0,4,2
1998_118,8,0,5
1998_119,2,10,4
1998_120,15,3,0
1998_121,0,4,1
1998_122,0,6,0
1998_123,7,13,0
1998_124,9,31,0
1998_125,8,3,0
1998_126,0,0,4
1998_127,32,2,0
1998_128,4,0,4
1998_129,44,3,0
1998_130,8,1,3
1998_131,2,5,0
1998_132,7,16,2
1998_133,3,1,0
1998_134,14,6,0
1998_135,13,1,0
1998_136,65,2,0
1998_137,7,4,0
1998_138,41,1,0
1998_139,20,1,0
1998_140,51,1,0
1998_141,18,0,0
1998_142,10,0,0
1998_143,43,0,0
1998_144,15,2,0
1998_145,34,2,0
1998_146,72,7,1
1998_147,70,1,0
1998_148,25,5,0
1998_149,47,1,0
1998_150,24,0,0
1998_151,47,1,0
1999_1,4,2,0
1999_2,0,9,1
1999_3,21,4,0
1999_4,23,2,0
1999_5,2,6,0
1999_6,0,1,4
1999_7,1,10,0
1999_8,14,15,0
1999_9,30,1,0
1999_10,83,5,0
1999_11,57,4,0
1999_12,1,8,0
1999_13,0,5,1
1999_14,68,6,0
1999_15,0,1,0
1999_16,0,0,0
1999_17,0,20,0
1999_18,16,3,0
1999_19,13,5,0
1999_20,0,8,2
1999_21,0,12,0
1999_22,20,7,0
1999_23,18,6,0
1999_24,51,6,0
1999_25,1,8,0
1999_26,3,10,0
1999_27,0,8,1
1999_28,0,11,0
1999_29,52,17,0
1999_30,6,2,0
1999_31,30,1,0
1999_32,4,3,0
1999_33,4,3,0
1999_34,40,8,0
1999_35,2,1,0
1999_36,7,8,0
1999_37,42,0,0
1999_38,13,10,0
1999_39,0,1,0
1999_40,3,4,0
1999_41,53,4,0
1999_42,2,20,0
1999_43,40,1,0
1999_44,12,1,0
1999_45,0,12,0
1999_46,35,5,0
1999_47,1,40,0
1999_48,0,21,0
1999_49,3,2,0
1999_50,1,2,0
1999_51,19,3,0
1999_52,13,7,0
1999_53,8,5,0
1999_54,5,15,0
1999_55,20,0,0
1999_56,11,3,0
1999_57,6,28,0
1999_58,23,9,0
1999_59,6,5,0
1999_60,2,0,0
1999_61,30,5,1
1999_62,6,7,0
1999_63,39,5,1
1999_64,4,5,0
1999_65,5,1,0
1999_66,8,9,1
1999_67,3,0,0
1999_68,14,6,0
1999_69,4,0,0
1999_70,7,9,0
1999_71,15,0,0
1999_72,1,0,2
1999_73,17,2,0
1999_74,35,0,0
1999_75,5,6,0
1999_76,3,0,0
1999_77,5,1,0
1999_78,10,7,0
1999_79,1,3,0
1999_80,25,4,0
1999_81,11,2,0
1999_82,0,2,0
1999_83,12,0,0
1999_84,3,9,0
1999_85,5,1,0
1999_86,7,3,0
1999_87,22,0,0
1999_88,1,3,0
1999_89,48,5,0
1999_90,1,5,0
1999_91,2,6,0
1999_92,3,1,0
1999_93,6,5,0
1999_94,1,0,0
1999_95,6,12,0
1999_96,2,4,0
1999_97,3,6,0
1999_98,4,11,0
1999_99,10,7,0
1999_100,14,4,0
1999_101,1,5,8
1999_102,0,5,0
1999_103,1,10,0
1999_104,0,4,0
1999_105,0,3,0
1999_106,0,17,0
1999_107,1,6,0
1999_108,1,18,0
1999_109,0,5,0
1999_110,0,0,0
1999_111,30,0,0
1999_112,27,20,0
1999_113,0,0,0
1999_114,1,0,0
1999_115,0,1,4
1999_116,6,1,3
1999_117,3,6,1
1999_118,4,11,4
1999_119,20,1,2
1999_120,2,2,1
1999_121,0,2,2
1999_122,41,7,7
1999_123,0,1,0
1999_124,20,14,0
1999_125,15,6,4
1999_126,27,2,0
1999_127,33,2,0
1999_128,0,6,0
1999_129,26,2,0
1999_130,7,10,0
1999_131,1,3,0
1999_132,1,15,0
1999_133,1,2,0
1999_134,1,11,0
1999_135,10,0,0
1999_136,4,5,1
1999_137,8,0,0
1999_138,24,0,4
1999_139,36,3,0
1999_140,41,0,0
1999_141,17,3,0
1999_142,17,1,0
1999_143,21,0,0
1999_144,10,0,0
1999_145,1,12,0
1999_146,29,10,0
1999_147,4,0,0
1999_148,47,1,0
1999_149,27,2,0
1999_150,25,1,1
2000_1,0,17,0
2000_2,0,17,0
2000_3,35,0,0
2000_4,1,7,0
2000_5,45,4,4
2000_6,0,3,0
2000_7,10,3,0
2000_8,7,2,0
2000_9,2,1,2
2000_10,20,0,0
2000_11,5,3,0
2000_12,17,35,0
2000_13,1,2,0
2000_14,0,0,0
2000_15,13,19,1
2000_16,0,6,0
2000_17,27,1,0
2000_18,0,0,0
2000_19,7,1,0
2000_20,24,4,0
2000_21,45,16,1
2000_22,21,3,0
2000_23,9,9,0
2000_24,82,7,0
2000_25,0,1,0
2000_26,3,0,7
2000_27,30,2,1
2000_28,9,4,0
2000_29,1,4,0
2000_30,23,1,0
2000_31,0,0,9
2000_32,0,3,2
2000_33,6,1,0
2000_34,28,5,0
2000_35,6,14,0
2000_36,53,0,0
2000_37,1,7,1
2000_38,15,4,1
2000_39,16,2,2
2000_40,5,3,1
2000_41,1,1,0
2000_42,19,2,0
2000_43,26,3,0
2000_44,25,2,0
2000_45,16,3,0
2000_46,30,1,0
2000_47,8,3,0
2000_48,1,6,1
2000_49,0,0,0
2000_50,3,6,0
2000_51,5,1,0
2000_52,21,5,0
2000_53,15,0,0
2000_54,44,0,0
2000_55,17,7,0
2000_56,17,7,0
2000_57,49,11,0
2000_58,7,0,0
2000_59,55,3,0
2000_60,33,1,0
2000_61,1,5,0
2000_62,2,6,0
2000_63,8,6,0
2000_64,6,3,0
2000_65,4,3,11
2000_66,6,3,0
2000_67,9,4,3
2000_68,3,18,0
2000_69,7,7,0
2000_70,38,6,1
2000_71,10,1,0
2000_72,6,7,0
2000_73,9,8,0
2000_74,5,2,0
2000_75,16,3,0
2000_76,27,3,0
2000_77,14,0,4
2000_78,0,4,0
2000_79,5,6,0
2000_80,2,6,2
2000_81,8,12,0
2000_82,9,10,1
2000_83,32,2,0
2000_84,3,11,0
2000_85,2,0,1
2000_86,2,4,0
2000_87,19,18,0
2000_88,11,2,0
2000_89,34,2,0
2000_90,2,11,2
2000_91,23,2,2
2000_92,38,2,0
2000_93,11,0,0
2000_94,0,3,0
2000_95,4,6,2
2000_96,6,3,0
2000_97,21,1,1
2000_98,3,6,0
2000_99,17,0,5
2000_100,29,2,0
2000_101,0,0,0
2000_102,25,4,0
2000_103,0,30,1
2000_104,7,5,0
2000_105,2,17,3
2000_106,24,0,0
2000_107,32,8,0
2000_108,26,1,0
2000_109,3,2,0
2000_110,4,2,0
2000_111,1,0,0
2000_112,26,2,0
2000_113,6,2,0
2000_114,0,5,0
2000_115,0,11,0
2000_116,20,1,1
2000_117,7,0,0
2000_118,0,3,1
2000_119,0,2,0
2000_120,56,1,0
2000_121,3,5,0
2000_122,0,0,1
2000_123,0,4,0
2000_124,0,0,2
2000_125,0,0,0
2000_126,23,5,0
2000_127,8,0,3
2000_128,2,2,0
2000_129,3,4,0
2000_130,39,12,0
2000_131,1,3,0
2000_132,14,8,0
2000_133,3,0,3
2000_134,21,5,0
2000_135,26,2,0
2000_136,17,2,0
2001_1,8,0,0
2001_2,9,1,0
2001_3,39,1,0
2001_4,5,27,0
2001_5,0,0,0
2001_6,1,0,0
2001_7,1,3,0
2001_8,0,0,0
2001_9,2,0,0
2001_10,19,2,0
2001_11,26,2,0
2001_12,5,5,3
2001_13,2,1,0
2001_14,2,4,0
2001_15,9,11,0
2001_16,51,2,0
2001_17,0,1,0
2001_18,3,0,0
2001_19,14,3,0
2001_20,2,0,0
2001_21,87,1,0
2001_22,65,9,0
2001_23,59,0,0
2001_24,24,3,0
2001_25,12,3,0
2001_26,5,0,0
2001_27,22,0,0
2001_28,11,5,0
2001_29,19,2,0
2001_30,25,4,0
2001_31,5,1,0
2001_32,51,0,0
2001_33,49,5,0
2001_34,1,0,0
2001_35,23,7,3
2001_36,14,12,0
2001_37,4,0,0
2001_38,11,0,0
2001_39,0,4,0
2001_40,23,4,0
2001_41,4,0,0
2001_42,19,11,0
2001_43,24,3,0
2001_44,22,18,0
2001_45,35,5,0
2001_46,1,0,0
2001_47,1,11,2
2001_48,15,0,0
2001_49,0,3,1
2001_50,4,10,2
2001_51,0,3,0
2001_52,45,13,0
2001_53,52,1,0
2001_54,30,0,0
2001_55,8,13,0
2001_56,12,2,0
2001_57,2,4,0
2001_58,2,5,0
2001_59,17,0,0
2001_60,13,6,0
2001_61,10,1,0
2001_62,3,50,0
2001_63,10,2,0
2001_64,1,1,0
2001_65,26,4,0
2001_66,5,0,0
2001_67,31,3,0
2001_68,5,3,0
2001_69,8,0,0
2001_70,36,4,0
2001_71,48,7,0
2001_72,6,1,0
2001_73,13,5,0
2001_74,14,7,0
2001_75,1,4,0
2001_76,18,2,0
2001_77,12,6,0
2001_78,0,1,0
2001_79,0,0,0
2001_80,3,3,0
2001_81,6,5,0
2001_82,0,5,0
2001_83,12,1,0
2001_84,0,8,0
2001_85,4,14,1
2001_86,4,4,0
2001_87,7,5,5
2001_88,0,0,0
2001_89,0,2,4
2001_90,0,4,16
2001_91,2,0,0
2001_92,0,2,9
2001_93,4,3,11
2001_94,28,1,2
2001_95,0,1,0
2001_96,13,1,2
2001_97,6,0,9
2001_98,0,10,5
2001_99,16,2,9
2001_100,23,2,5
2001_101,4,2,2
2001_102,27,0,2
2002_1,6,1,0
2002_2,2,4,0
2002_3,44,2,0
2002_4,23,4,1
2002_5,9,9,0
2002_6,2,5,0
2002_7,62,1,0
2002_8,8,1,0
2002_9,8,3,0
2002_10,6,1,0
2002_11,4,0,2
2002_12,18,5,1
2002_13,10,8,0
2002_14,8,0,0
2002_15,10,0,0
2002_16,35,0,1
2002_17,15,0,0
2002_18,4,1,0
2002_19,68,1,0
2002_20,1,1,0
2002_21,7,1,0
2002_22,29,7,0
2002_23,10,2,0
2002_24,1,2,0
2002_25,0,0,4
2002_26,17,0,0
2002_27,9,4,0
2002_28,19,7,0
2002_29,15,2,0
2002_30,7,6,0
2002_31,14,6,0
2002_32,14,1,0
2002_33,4,0,0
2002_34,4,3,1
2002_35,11,2,0
2002_36,4,3,0
2002_37,3,2,0
2002_38,47,6,0
2002_39,0,1,0
2002_40,11,2,0
2002_41,1,0,0
2002_42,4,2,0
2002_43,3,8,0
2002_44,5,2,0
2002_45,5,5,0
2002_46,9,8,0
2002_47,10,4,0
2002_48,5,7,0
2002_49,22,3,0
2002_50,17,1,0
2002_51,11,0,0
2002_52,18,0,0
2002_53,6,0,0
2002_54,1,6,1
2002_55,28,3,0
2002_56,3,1,0
2002_57,23,4,0
2002_58,46,0,0
2002_59,11,4,0
2002_60,3,3,0
2002_61,0,5,0
2002_62,21,0,0
2002_63,10,4,0
2002_64,37,4,4
2002_65,14,12,0
2002_66,29,0,0
2002_67,26,5,0
2002_68,0,1,0
2002_69,2,1,0
2002_70,21,3,0
2002_71,2,0,4
2002_72,1,1,0
2002_73,0,0,0
2002_74,3,1,0
2002_75,19,3,0
2002_76,0,1,0
2002_77,16,0,0
2002_78,14,1,0
2002_79,79,0,0
2002_80,18,3,0
2002_81,0,0,0
2002_82,8,0,0
2002_83,41,4,0
2002_84,17,12,1
2002_85,41,5,0
2002_86,9,1,0
2002_87,14,3,0
2002_88,17,5,0
2002_89,4,0,1
2002_90,2,1,0
2002_91,2,0,0
2002_92,3,3,0
2002_93,6,3,0
2002_94,12,1,0
2002_95,28,0,0
2002_96,27,5,0
2002_97,12,0,0
2002_98,0,0,0
2002_99,7,1,0
2002_100,3,2,0
2002_101,3,2,0
2002_102,0,0,0
2002_103,15,0,0
2002_104,20,3,0
2002_105,8,0,0
2002_106,11,2,0
2002_107,0,6,1
2002_108,0,16,0
2002_109,3,33,0
2002_110,14,17,0
2002_111,1,0,0
2002_112,11,12,8
2002_113,60,25,0
2002_114,40,7,0
2002_115,0,2,0
2002_116,6,5,0
2002_117,0,0,0
2002_118,0,17,0
2002_119,1,5,1
2002_120,3,3,2
2002_121,1,45,2
2002_122,14,18,3
2002_123,22,3,0
2002_124,26,1,0
2002_125,9,6,0
2002_126,12,12,2
2002_127,0,22,3
2002_128,0,9,0
2002_129,1,28,13
2002_130,0,14,0
2002_131,0,31,0
2002_132,4,3,0
2002_133,0,10,1
2002_134,4,3,3
2002_135,10,2,14
2002_136,32,4,3
2002_137,9,5,3
2002_138,1,0,1
2002_139,29,5,5
2002_140,4,2,0
2002_141,2,3,1
2002_142,7,0,9
2002_143,0,4,4
2002_144,22,1,0
2002_145,10,2,4
2002_146,6,1,10
2002_147,5,6,3
2002_148,31,5,0
2002_149,22,3,5
2002_150,6,0,2
2002_151,0,0,0
2002_152,43,3,4
2003_1,1,0,1
2003_2,4,2,0
2003_3,9,3,1
2003_4,12,0,0
2003_5,19,3,0
2003_6,40,2,0
2003_7,5,1,0
2003_8,2,3,5
2003_9,25,4,0
2003_10,10,2,0
2003_11,9,2,0
2003_12,1,1,0
2003_13,1,1,1
2003_14,5,2,0
2003_15,6,2,0
2003_16,19,0,0
2003_17,20,7,0
2003_18,2,5,1
2003_19,3,3,1
2003_20,4,1,1
2003_21,1,8,0
2003_22,3,1,0
2003_23,13,5,2
2003_24,22,7,3
2003_25,1,1,0
2003_26,9,12,0
2003_27,21,10,0
2003_28,34,5,0
2003_29,9,1,0
2003_30,51,2,0
2003_31,1,2,0
2003_32,15,3,0
2003_33,28,0,0
2003_34,4,3,0
2003_35,1,20,0
2003_36,8,1,0
2003_37,2,1,0
2003_38,12,8,1
2003_39,33,0,2
2003_40,8,0,0
2003_41,25,0,0
2003_42,0,7,0
2003_43,9,4,0
2003_44,17,0,0
2003_45,11,2,0
2003_46,3,6,0
2003_47,1,0,0
2003_48,14,0,0
2003_49,2,1,2
2003_50,1,0,0
2003_51,2,0,0
2003_52,1,0,3
2003_53,19,5,0
2003_54,0,0,0
2003_55,0,1,0
2003_56,5,2,0
2003_57,38,4,0
2003_58,23,2,0
2003_59,19,5,1
2003_60,6,4,0
2003_61,0,0,0
2003_62,7,2,0
2003_63,19,0,0
2003_64,0,2,0
2003_65,12,2,0
2003_66,22,1,0
2003_67,3,4,0
2003_68,7,2,0
2003_69,14,3,0
2003_70,7,0,1
2003_71,2,0,0
2003_72,3,0,0
2003_73,3,0,0
2003_74,1,0,0
2003_75,10,5,0
2003_76,7,0,0
2003_77,2,0,0
2003_78,0,0,0
2003_79,4,0,0
2003_80,8,1,7
2003_81,7,1,0
2003_82,1,0,0
2003_83,9,0,0
2003_84,1,0,2
2003_85,0,6,0
2003_86,4,1,0
2003_87,3,5,0
2003_88,11,7,0
2003_89,21,2,0
2003_90,10,2,0
2003_91,0,0,0
2003_92,5,6,0
2003_93,1,6,0
2003_94,17,3,0
2003_95,4,3,0
2003_96,0,1,0
2003_97,20,2,0
2003_98,4,0,0
2003_99,2,0,0
2003_100,25,1,0
2003_101,83,1,0
2003_102,9,0,0
2003_103,1,0,0
2003_104,15,0,0
2003_105,0,0,0
2003_106,61,0,0
2003_107,5,2,0
2003_108,71,0,0
2003_109,66,0,0
2003_110,3,0,0
2003_111,3,1,0
2003_112,3,2,0
2003_113,32,3,1
2003_114,19,4,0
2003_115,24,34,0
2003_116,24,16,0
2003_117,2,1,0
2003_118,0,3,1
2003_119,1,0,0
2003_120,13,3,1
2003_121,39,3,2
2003_122,17,4,0
2003_123,0,1,1
2003_124,2,3,0
2003_125,1,12,1
2003_126,53,10,1
2003_127,10,20,0
2003_128,54,4,0
2003_129,0,3,0
2003_130,0,2,0
2003_131,0,5,3
2003_132,4,4,0
2003_133,11,0,0
2003_134,34,1,0
2003_135,47,0,0
2003_136,14,1,0
2003_137,17,0,0
2003_138,4,3,0
2003_139,7,0,0
2003_140,16,0,0
2003_141,1,0,0
2003_142,6,0,0
2003_143,7,6,0
2003_144,0,0,0
2003_145,4,1,0
2003_146,6,2,0
2003_147,5,2,0
2003_148,62,9,0
2003_149,10,1,0
2003_150,3,9,0
2003_151,15,4,0
2003_152,18,1,0
2003_153,7,1,0
2003_154,1,7,0
2003_155,3,22,0
2003_156,0,2,0
2003_157,1,5,0
2003_158,0,4,0
2003_159,47,1,1
2003_160,0,26,0
2003_161,0,16,0
2003_162,2,3,1
2003_163,18,0,1
2003_164,54,5,0
2003_165,18,2,0
2003_166,0,5,0
2003_167,0,20,1
2003_168,14,9,0
2003_169,2,0,0
2003_170,5,1,0
2003_171,3,1,0
2003_172,6,1,0
2003_173,0,13,0
2003_174,2,0,0
2003_175,3,0,0
2003_176,0,4,7
2003_177,0,0,2
2003_178,0,9,3
2003_179,0,0,4
2003_180,22,1,7
2003_181,0,3,11
2003_182,1,2,3
2003_183,11,2,5
2003_184,9,1,11
2003_185,0,0,5
2003_186,26,1,5
2003_187,27,2,5
2003_188,22,6,3
2003_189,4,3,1
2003_190,6,0,2
2003_191,13,0,3
2003_192,4,4,1
2003_193,1,1,8
2003_194,8,0,6
2003_195,5,2,2
2003_196,6,0,4
2003_197,11,2,5
2004_1,68,1,0
2004_2,6,12,0
2004_3,16,4,1
2004_4,10,1,0
2004_5,11,2,0
2004_6,2,0,0
2004_7,0,2,1
2004_8,6,1,2
2004_9,4,1,0
2004_10,12,0,6
2004_11,39,5,0
2004_12,10,2,0
2004_13,29,2,0
2004_14,34,0,0
2004_15,20,20,0
2004_16,18,3,3
2004_17,2,1,0
2004_18,18,2,0
2004_19,15,0,0
2004_20,2,2,6
2004_21,7,1,1
2004_22,16,6,1
2004_23,10,1,0
2004_24,7,1,23
2004_25,11,2,0
2004_26,39,1,0
2004_27,0,0,0
2004_28,1,4,0
2004_29,9,7,0
2004_30,37,17,0
2004_31,13,1,4
2004_32,5,1,0
2004_33,22,12,0
2004_34,21,2,0
2004_35,0,6,0
2004_36,2,23,0
2004_37,6,6,0
2004_38,19,4,0
2004_39,11,3,0
2004_40,9,3,0
2004_41,6,3,0
2004_42,5,6,0
2004_43,0,6,1
2004_44,33,1,0
2004_45,8,4,1
2004_46,1,24,0
2004_47,49,0,0
2004_48,9,0,8
2004_49,27,0,0
2004_50,2,2,0
2004_51,20,0,0
2004_52,25,0,0
2004_53,47,2,2
2004_54,12,34,0
2004_55,25,10,0
2004_56,16,1,0
2004_57,9,6,0
2004_58,25,2,0
2004_59,8,1,4
2004_60,6,3,0
2004_61,27,1,0
2004_62,7,1,0
2004_63,10,2,3
2004_64,3,2,0
2004_65,6,3,1
2004_66,14,2,0
2004_67,28,2,0
2004_68,14,1,0
2004_69,0,2,5
2004_70,0,0,0
2004_71,3,10,0
2004_72,8,2,0
2004_73,12,4,0
2004_74,35,1,1
2004_75,6,19,1
2004_76,31,0,0
2004_77,41,2,0
2004_78,11,1,0
2004_79,21,1,0
2004_80,9,3,5
2004_81,2,3,3
2004_82,46,5,0
2004_83,7,5,1
2004_84,5,2,0
2004_85,10,3,0
2004_86,4,3,1
2004_87,1,1,0
2004_88,34,3,0
2004_89,17,1,0
2004_90,4,0,0
2004_91,15,2,1
2004_92,0,1,0
2004_93,11,1,0
2004_94,9,0,6
2004_95,9,0,1
2004_96,5,1,0
2004_97,7,8,0
2004_98,1,4,0
2004_99,0,3,0
2004_100,3,0,0
2004_101,47,1,0
2004_102,0,4,0
2004_103,41,4,0
2004_104,13,0,0
2004_105,52,14,0
2004_106,15,1,2
2004_107,0,0,0
2004_108,12,1,0
2004_109,17,5,0
2004_110,11,0,0
2004_111,9,0,0
2004_112,11,1,2
2004_113,40,2,0
2004_114,3,0,1
2004_115,1,0,0
2004_116,9,1,12
2004_117,2,3,4
2004_118,12,0,7
2004_119,2,0,3
2004_120,1,6,0
2004_121,11,3,0
2004_122,5,3,0
2004_123,36,4,0
2004_124,47,5,1
2004_125,35,5,1
2004_126,0,0,0
2004_127,24,0,0
2004_128,14,3,5
2004_129,13,9,4
2004_130,12,3,5
2004_131,11,2,1
2004_132,28,4,0
2004_133,2,16,0
2004_134,2,25,1
2004_135,9,0,0
2004_136,5,0,0
2004_137,10,0,2
2004_138,10,1,2
2004_139,90,1,0
2004_140,29,7,0
2004_141,33,0,0
2004_142,9,6,0
2004_143,0,0,0
2004_144,0,16,2
2004_145,33,3,1
2004_146,69,8,0
2004_147,1,0,0
2004_148,4,5,0
2004_149,2,1,0
2004_150,23,4,0
2004_151,0,1,0
2004_152,16,12,0
2004_153,2,3,0
2004_154,3,0,0
2004_155,1,1,0
2004_156,20,2,0
2004_157,50,18,1
2004_158,1,0,0
2004_159,34,4,7
2004_160,0,5,0
2004_161,6,3,0
2004_162,11,0,0
2004_163,10,13,2
2004_164,1,1,0
2004_165,9,0,0
2004_166,65,2,0
2004_167,19,7,0
2004_168,3,0,1
2004_169,7,4,0
2004_170,10,9,3
2004_171,5,0,2
2004_172,8,0,1
2004_173,55,6,0
2004_174,7,2,0
2004_175,64,2,0
2004_176,2,6,0
2004_177,18,0,0
2004_178,9,0,0
2004_179,17,3,2
2004_180,20,3,4
2004_181,1,16,0
2004_182,1,0,0
2004_183,30,2,1
2004_184,11,0,3
2004_185,5,0,0
2004_186,10,1,0
2004_187,12,0,0
2004_188,11,2,0
2004_189,31,5,0
2004_190,32,5,2
2004_191,14,6,0
2004_192,6,3,1
2004_193,63,3,0
2004_194,20,6,1
2004_195,1,3,5
2004_196,24,3,0
2004_197,8,2,0
2004_198,6,0,0
2004_199,3,3,2
2004_200,4,1,0
2004_201,6,1,14
2004_202,1,1,0
2004_203,9,1,0
2004_204,0,0,3
2004_205,7,0,0
2004_206,22,0,0
2005_1,0,0,1
2005_2,1,11,0
2005_3,34,3,0
2005_4,0,1,0
2005_5,4,15,5
2005_6,6,3,0
2005_7,0,0,0
2005_8,0,3,2
2005_9,28,5,0
2005_10,0,6,0
2005_11,0,5,0
2005_12,11,8,0
2005_13,4,6,0
2005_14,10,0,0
2005_15,2,2,0
2005_16,10,2,0
2005_17,2,0,0
2005_18,7,2,0
2005_19,43,4,0
2005_20,4,0,0
2005_21,0,3,0
2005_22,36,4,4
2005_23,4,1,0
2005_24,13,2,0
2005_25,10,1,0
2005_26,4,1,0
2005_27,1,0,5
2005_28,5,1,0
2005_29,0,6,6
2005_30,13,17,0
2005_31,1,0,1
2005_32,10,0,0
2005_33,22,32,0
2005_34,6,3,2
2005_35,3,1,0
2005_36,5,3,1
2005_37,46,1,0
2005_38,0,1,0
2005_39,13,2,4
2005_40,34,3,0
2005_41,1,0,0
2005_42,8,1,0
2005_43,3,0,0
2005_44,53,1,0
2005_45,11,0,0
2005_46,2,0,1
2005_47,7,3,2
2005_48,0,5,0
2005_49,54,5,2
2005_50,3,1,0
2005_51,36,3,0
2005_52,3,0,0
2005_53,37,8,2
2005_54,63,2,0
2005_55,20,2,12
2005_56,5,0,0
2005_57,4,0,0
2005_58,68,1,0
2005_59,17,1,0
2005_60,1,5,0
2005_61,22,8,0
2005_62,1,1,0
2005_63,3,1,0
2005_64,6,6,0
2005_65,20,9,0
2005_66,3,1,0
2005_67,0,7,1
2005_68,64,1,0
2005_69,14,0,0
2005_70,14,2,0
2005_71,3,4,0
2005_72,8,9,1
2005_73,8,3,0
2005_74,14,6,0
2005_75,1,0,0
2005_76,33,5,0
2005_77,0,0,0
2005_78,6,20,0
2005_79,20,2,0
2005_80,3,1,0
2005_81,0,6,0
2005_82,5,2,0
2005_83,49,8,1
2005_84,16,0,0
2005_85,26,0,0
2005_86,1,1,1
2005_87,16,0,0
2005_88,0,17,3
2005_89,5,3,0
2005_90,24,3,0
2005_91,11,0,0
2005_92,10,1,11
2005_93,13,1,0
2005_94,0,8,0
2005_95,5,8,0
2005_96,12,1,2
2005_97,49,1,0
2005_98,7,2,0
2005_99,2,0,0
2005_100,1,3,0
2005_101,20,0,0
2005_102,1,5,14
2005_103,54,0,0
2005_104,17,9,0
2005_105,1,3,0
2005_106,10,2,0
2005_107,0,4,0
2005_108,9,1,0
2005_109,21,3,0
2005_110,0,0,0
2005_111,0,4,0
2005_112,0,2,1
2005_113,30,12,0
2005_114,21,8,0
2005_115,2,0,6
2005_116,21,2,0
2005_117,33,1,0
2005_118,33,0,0
2005_119,30,0,0
2005_120,4,3,1
2005_121,0,0,3
2005_122,23,3,0
2005_123,2,1,1
2005_124,12,3,0
2005_125,60,0,0
2005_126,27,5,0
2005_127,17,10,0
2005_128,9,3,2
2005_129,2,0,0
2005_130,9,1,0
2005_131,25,6,1
2005_132,19,29,0
2005_133,2,1,0
2005_134,2,6,8
2005_135,0,13,0
2005_136,8,9,0
2005_137,0,0,1
2005_138,61,4,0
2005_139,35,3,0
2005_140,13,0,1
2005_141,2,3,4
2005_142,22,17,6
2005_143,52,2,0
2005_144,3,3,0
2005_145,21,0,0
2005_146,9,0,0
2005_147,4,0,11
2005_148,3,1,0
2005_149,0,1,0
2005_150,0,8,0
2005_151,3,0,0
2005_152,2,14,0
2005_153,1,1,0
2005_154,39,0,0
2005_155,47,2,0
2005_156,0,5,0
2005_157,0,2,0
2005_158,41,8,4
2005_159,10,0,0
2005_160,32,2,0
2005_161,2,3,0
2005_162,1,22,0
2005_163,19,0,9
2005_164,16,2,0
2005_165,6,0,0
2005_166,0,0,0
2005_167,0,0,1
2005_168,2,2,7
2005_169,34,0,5
2005_170,2,0,0
2005_171,0,3,0
2005_172,1,7,1
2005_173,8,8,0
2005_174,1,0,1
2005_175,71,0,0
2005_176,14,0,0
2005_177,0,3,5
2005_178,39,0,0
2005_179,30,3,0
2005_180,10,3,5
2005_181,1,9,0
2005_182,23,5,8
2005_183,35,1,0
2005_184,20,3,0
2005_185,13,0,1
2005_186,7,2,0
2005_187,12,4,2
2005_188,17,0,0
2005_189,12,0,2
2005_190,6,2,1
2005_191,43,0,0
2005_192,22,1,1
2005_193,4,6,0
2005_194,10,1,0
2005_195,6,2,0
2005_196,17,10,0
2005_197,41,3,0
2005_198,0,0,0
2005_199,7,23,0
2005_200,14,0,1
2005_201,45,0,0
2005_202,13,12,0
2005_203,4,0,0
2005_204,5,4,0
2005_205,10,0,2
2005_206,12,0,1
2005_207,0,0,0
2006_1,4,0,0
2006_2,43,0,0
2006_3,1,2,1
2006_4,3,0,7
2006_5,44,1,2
2006_6,9,0,4
2006_7,15,0,1
2006_8,7,4,0
2006_9,4,0,0
2006_10,2,0,0
2006_11,0,1,0
2006_12,21,3,0
2006_13,7,5,2
2006_14,5,2,0
2006_15,53,0,0
2006_16,19,0,0
2006_17,4,2,0
2006_18,43,0,0
2006_19,5,0,0
2006_20,2,0,0
2006_21,13,4,0
2006_22,16,2,0
2006_23,2,1,4
2006_24,12,1,0
2006_25,9,0,0
2006_26,6,7,0
2006_27,29,0,9
2006_28,2,0,0
2006_29,4,1,0
2006_30,0,1,0
2006_31,0,2,0
2006_32,6,9,0
2006_33,3,4,0
2006_34,5,10,0
2006_35,4,2,0
2006_36,24,14,0
2006_37,13,1,1
2006_38,5,0,0
2006_39,1,0,0
2006_40,59,0,0
2006_41,1,1,3
2006_42,22,0,0
2006_43,1,13,0
2006_44,1,1,6
2006_45,21,0,0
2006_46,26,6,0
2006_47,24,3,1
2006_48,2,1,0
2006_49,17,2,6
2006_50,3,5,0
2006_51,45,0,0
2006_52,21,3,0
2006_53,9,0,0
2006_54,1,0,3
2006_55,5,2,0
2006_56,54,1,0
2006_57,0,0,0
2006_58,4,3,0
2006_59,2,3,0
2006_60,8,4,0
2006_61,0,4,1
2006_62,95,2,0
2006_63,17,2,0
2006_64,11,1,0
2006_65,17,1,0
2006_66,23,0,1
2006_67,4,0,0
2006_68,54,2,1
2006_69,3,0,0
2006_70,40,0,3
2006_71,19,1,0
2006_72,23,5,0
2006_73,5,5,0
2006_74,7,2,4
2006_75,31,1,3
2006_76,40,3,1
2006_77,0,11,0
2006_78,36,2,0
2006_79,35,1,0
2006_80,5,4,1
2006_81,5,0,0
2006_82,28,0,1
2006_83,40,2,0
2006_84,0,19,1
2006_85,8,1,0
2006_86,8,1,6
2006_87,23,3,0
2006_88,27,0,0
2006_89,16,3,0
2006_90,19,4,11
2006_91,8,1,0
2006_92,0,0,11
2006_93,14,2,0
2006_94,3,2,0
2006_95,10,0,1
2006_96,8,1,0
2006_97,4,2,3
2006_98,17,6,0
2006_99,33,2,1
2006_100,0,5,0
2006_101,3,0,2
2006_102,1,7,0
2006_103,0,0,0
2006_104,1,4,0
2006_105,14,0,0
2006_106,11,2,1
2006_107,44,5,0
2006_108,17,0,0
2006_109,14,0,0
2006_110,4,5,0
2006_111,6,1,0
2006_112,4,2,0
2006_113,4,1,0
2006_114,16,6,0
2006_115,2,7,0
2006_116,19,1,0
2006_117,5,3,0
2006_118,1,3,2
2006_119,58,2,0
2006_120,0,3,0
2006_121,20,6,0
2006_122,25,2,0
2006_123,33,0,0
2006_124,10,3,1
2006_125,14,0,2
2006_126,0,7,4
2006_127,1,1,0
2006_128,0,6,0
2006_129,5,3,1
2006_130,10,2,0
2006_131,0,21,3
2006_132,6,0,0
2006_133,36,0,0
2006_134,10,0,0
2006_135,44,6,0
2006_136,7,2,0
2006_137,5,4,0
2006_138,14,0,0
2006_139,8,7,0
2006_140,20,2,0
2006_141,0,0,0
2006_142,21,0,0
2006_143,11,0,3
2006_144,33,1,2
2006_145,33,1,0
2006_146,23,0,0
2006_147,2,0,0
2006_148,3,0,2
2006_149,24,2,0
2006_150,52,1,1
2006_151,36,2,0
2006_152,11,2,0
2006_153,3,1,0
2006_154,35,2,0
2006_155,1,0,0
2006_156,31,25,2
2006_157,13,0,2
2006_158,0,0,3
2006_159,0,5,0
2006_160,49,1,1
2006_161,6,1,1
2006_162,45,0,1
2006_163,0,30,3
2006_164,11,2,0
2006_165,21,0,0
2006_166,12,0,0
2006_167,1,1,0
2006_168,37,4,1
2006_169,18,0,0
2006_170,8,44,0
2006_171,44,5,3
2006_172,40,3,7
2006_173,6,9,0
2006_174,6,1,0
2006_175,4,31,0
2006_176,26,1,0
2006_177,4,1,0
2006_178,29,4,0
2006_179,4,0,0
2006_180,28,2,0
2006_181,12,0,0
2006_182,3,0,0
2006_183,9,0,0
2006_184,29,0,0
2006_185,39,0,2
2006_186,9,0,0
2006_187,44,3,2
2006_188,5,9,2
2006_189,0,4,3
2006_190,19,0,0
2006_191,6,1,0
2006_192,10,1,0
2006_193,25,2,0
2006_194,52,3,3
2006_195,19,3,0
2006_196,1,0,0
2006_197,9,0,1
2006_198,0,0,6
2006_199,27,0,4
2006_200,3,0,0
2006_201,49,0,5
2006_202,4,3,0
2006_203,12,3,0
2006_204,25,9,0
2007_1,19,2,1
2007_2,26,1,0
2007_3,21,0,0
2007_4,14,3,0
2007_5,1,5,1
2007_6,4,0,10
2007_7,42,0,0
2007_8,2,7,0
2007_9,40,2,0
2007_10,15,1,0
2007_11,33,2,0
2007_12,30,0,2
2007_13,17,3,2
2007_14,5,0,0
2007_15,2,0,0
2007_16,5,1,0
2007_17,4,0,0
2007_18,103,2,0
2007_19,3,8,15
2007_20,0,8,7
2007_21,4,1,2
2007_22,12,0,0
2007_23,6,0,0
2007_24,16,2,0
2007_25,28,0,0
2007_26,12,6,0
2007_27,1,8,1
2007_28,37,6,1
2007_29,1,2,0
2007_30,12,1,0
2007_31,4,1,3
2007_32,7,3,1
2007_33,5,0,0
2007_34,0,9,0
2007_35,97,8,0
2007_36,4,30,1
2007_37,36,6,0
2007_38,64,0,0
2007_39,44,3,2
2007_40,11,0,0
2007_41,5,0,0
2007_42,35,1,0
2007_43,2,0,0
2007_44,11,3,0
2007_45,44,0,0
2007_46,8,4,2
2007_47,13,2,0
2007_48,4,26,0
2007_49,28,0,0
2007_50,18,1,7
2007_51,2,0,1
2007_52,0,19,0
2007_53,1,0,1
2007_54,14,1,0
2007_55,1,17,0
2007_56,15,0,2
2007_57,16,4,0
2007_58,23,0,0
2007_59,9,8,0
2007_60,3,1,0
2007_61,74,0,0
2007_62,9,3,0
2007_63,11,1,1
2007_64,0,27,4
2007_65,48,3,0
2007_66,30,0,4
2007_67,23,0,0
2007_68,29,0,0
2007_69,1,2,0
2007_70,0,0,0
2007_71,5,24,0
2007_72,0,8,7
2007_73,28,7,3
2007_74,0,13,0
2007_75,6,0,4
2007_76,3,0,0
2007_77,54,6,0
2007_78,11,0,0
2007_79,12,1,0
2007_80,46,2,0
2007_81,7,1,0
2007_82,12,1,0
2007_83,3,2,0
2007_84,2,0,2
2007_85,24,3,0
2007_86,2,20,0
2007_87,5,0,0
2007_88,2,1,4
2007_89,15,0,0
2007_90,16,2,0
2007_91,7,2,0
2007_92,48,0,0
2007_93,20,0,0
2007_94,13,2,0
2007_95,70,0,0
2007_96,11,0,0
2007_97,2,0,0
2007_98,13,3,0
2007_99,18,0,0
2007_100,7,1,0
2007_101,41,0,0
2007_102,36,0,1
2007_103,9,7,0
2007_104,3,25,3
2007_105,10,0,0
2007_106,10,11,0
2007_107,13,0,0
2007_108,0,8,0
2007_109,24,2,0
2007_110,10,0,0
2007_111,14,1,0
2007_112,19,4,0
2007_113,37,2,0
2007_114,0,0,0
2007_115,16,1,1
2007_116,0,0,0
2007_117,51,1,0
2007_118,33,6,0
2007_119,0,6,5
2007_120,13,3,0
2007_121,9,1,0
2007_122,34,16,0
2007_123,32,1,0
2007_124,9,1,0
2007_125,17,2,0
2007_126,39,2,0
2007_127,4,0,0
2007_128,50,5,0
2007_129,28,2,15
2007_130,5,1,0
2007_131,3,0,0
2007_132,19,4,0
2007_133,2,0,0
2007_134,29,0,0
2007_135,9,1,0
2007_136,47,1,1
2007_137,27,1,0
2007_138,2,1,0
2007_139,17,5,0
2007_140,10,0,0
2007_141,1,1,0
2007_142,1,0,0
2007_143,4,4,0
2007_144,0,1,0
2007_145,30,14,0
2007_146,5,0,7
2007_147,42,2,0
2007_148,7,1,0
2007_149,11,0,0
2007_150,33,1,0
2007_151,13,1,0
2007_152,6,0,0
2007_153,4,1,0
2007_154,18,0,0
2007_155,8,3,0
2007_156,3,2,0
2007_157,6,7,1
2007_158,11,1,8
2007_159,18,6,0
2007_160,0,0,0
2007_161,4,0,0
2007_162,19,0,0
2007_163,6,0,0
2007_164,12,1,1
2007_165,20,3,2
2007_166,5,1,0
2007_167,63,0,0
2007_168,3,7,0
2007_169,2,0,1
2007_170,0,1,1
2007_171,16,4,1
2007_172,2,0,0
2007_173,26,1,0
2007_174,0,1,0
2007_175,4,0,0
2007_176,0,0,0
2007_177,23,2,0
2007_178,16,0,0
2007_179,24,1,1
2007_180,1,6,14
2007_181,70,0,0
2007_182,31,0,0
2007_183,10,0,0
2007_184,17,2,0
2007_185,25,1,0
2007_186,4,0,0
2007_187,7,12,0
2007_188,7,2,0
2007_189,35,0,0
2007_190,2,0,0
2007_191,35,8,0
2007_192,6,2,8
2007_193,4,2,0
2007_194,19,4,0
2007_195,7,0,0
2007_196,2,0,0
2007_197,85,1,0
2007_198,0,0,0
2007_199,25,10,3
2007_200,37,6,0
2007_201,45,5,0
2007_202,1,1,0
2007_203,58,8,3
2007_204,3,0,0
2007_205,44,5,1
2007_206,18,0,0
2007_207,5,4,0
2007_208,52,10,2
2007_209,97,3,0
2007_210,5,0,0
2007_211,10,6,0
2007_212,2,5,0
2007_213,12,6,0
2007_214,66,3,0
2007_215,0,0,0
2007_216,21,0,10
2007_217,4,23,0
2008_1,25,3,1
2008_2,8,0,0
2008_3,0,11,0
2008_4,48,3,4
2008_5,7,8,0
2008_6,0,5,1
2008_7,5,1,0
2008_8,40,0,0
2008_9,57,0,0
2008_10,21,0,12
2008_11,19,1,1
2008_12,110,6,0
2008_13,6,0,1
2008_14,3,4,0
2008_15,50,11,0
2008_16,2,10,0
2008_17,87,0,1
2008_18,0,24,1
2008_19,49,0,0
2008_20,6,3,2
2008_21,34,9,0
2008_22,1,36,1
2008_23,6,5,6
2008_24,37,2,15
2008_25,26,1,2
2008_26,4,0,2
2008_27,13,1,0
2008_28,4,11,5
2008_29,28,0,0
2008_30,1,2,0
2008_31,32,1,1
2008_32,1,0,8
2008_33,44,0,0
2008_34,0,9,1
2008_35,52,0,0
2008_36,9,0,0
2008_37,28,1,0
2008_38,2,10,0
2008_39,1,1,0
2008_40,39,7,1
2008_41,6,8,4
2008_42,51,0,4
2008_43,18,20,0
2008_44,15,2,0
2008_45,38,0,0
2008_46,2,3,0
2008_47,19,0,1
2008_48,36,7,9
2008_49,0,11,0
2008_50,66,3,0
2008_51,4,0,0
2008_52,2,1,0
2008_53,33,4,0
2008_54,17,0,0
2008_55,6,2,1
2008_56,37,2,0
2008_57,3,3,0
2008_58,8,12,0
2008_59,5,0,0
2008_60,45,9,1
2008_61,7,1,0
2008_62,5,5,0
2008_63,11,0,0
2008_64,4,3,0
2008_65,2,0,2
2008_66,80,6,0
2008_67,46,4,0
2008_68,21,2,0
2008_69,18,3,0
2008_70,15,1,0
2008_71,78,8,0
2008_72,2,1,0
2008_73,2,0,0
2008_74,19,0,0
2008_75,15,0,0
2008_76,22,0,0
2008_77,19,1,0
2008_78,7,2,1
2008_79,4,4,0
2008_80,2,0,2
2008_81,20,3,0
2008_82,14,1,1
2008_83,0,21,0
2008_84,1,5,2
2008_85,2,0,0
2008_86,6,13,0
2008_87,15,0,2
2008_88,5,0,0
2008_89,35,6,0
2008_90,0,0,0
2008_91,8,2,0
2008_92,17,65,1
2008_93,4,2,0
2008_94,0,1,0
2008_95,3,4,0
2008_96,3,3,0
2008_97,19,4,0
2008_98,65,2,0
2008_99,6,17,3
2008_100,8,0,3
2008_101,27,9,0
2008_102,0,0,0
2008_103,39,2,0
2008_104,0,6,0
2008_105,57,0,7
2008_106,30,5,0
2008_107,0,0,4
2008_108,6,0,0
2008_109,3,1,0
2008_110,24,1,0
2008_111,0,2,0
2008_112,16,2,0
2008_113,11,1,0
2008_114,10,0,0
2008_115,1,1,0
2008_116,16,2,0
2008_117,0,0,0
2008_118,12,0,0
2008_119,3,5,0
2008_120,4,0,0
2008_121,37,1,0
2008_122,1,0,0
2008_123,25,5,0
2008_124,2,1,0
2008_125,7,0,0
2008_126,6,2,0
2008_127,3,0,0
2008_128,2,0,0
2008_129,20,6,0
2008_130,11,2,1
2008_131,11,0,0
2008_132,33,13,0
2008_133,26,0,0
2008_134,53,2,0
2008_135,10,0,0
2008_136,6,0,0
2008_137,6,1,0
2008_138,17,0,0
2008_139,5,0,0
2008_140,1,0,0
2008_141,26,4,0
2008_142,0,8,0
2008_143,2,0,0
2008_144,13,0,0
2008_145,1,3,3
2008_146,51,2,2
2008_147,18,0,0
2008_148,0,0,0
2008_149,7,3,0
2008_150,10,4,0
2008_151,39,2,0
2008_152,36,2,0
2008_153,20,0,2
2008_154,5,1,0
2008_155,30,9,0
2008_156,3,0,3
2008_157,23,0,3
2008_158,24,0,1
2008_159,4,5,0
2008_160,3,0,2
2008_161,23,0,0
2008_162,84,4,0
2008_163,32,2,0
2008_164,16,0,4
2008_165,4,0,0
2008_166,27,6,0
2008_167,13,0,0
2008_168,4,0,0
2008_169,46,2,0
2008_170,6,1,0
2008_171,7,0,0
2008_172,29,3,0
2008_173,2,1,0
2008_174,18,4,0
2008_175,4,3,0
2008_176,1,5,0
2008_177,62,1,0
2008_178,29,0,1
2008_179,41,0,0
2008_180,3,0,2
2008_181,80,0,1
2008_182,57,1,1
2008_183,20,0,0
2008_184,32,31,0
2008_185,38,9,6
2008_186,18,2,1
2008_187,3,0,0
2008_188,18,0,0
2008_189,16,3,0
2008_190,0,0,0
2008_191,17,5,0
2008_192,3,0,4
2008_193,3,0,0
2008_194,9,3,0
2008_195,10,1,0
2008_196,67,6,1
2008_197,4,1,0
2008_198,1,1,0
2008_199,4,0,0
2008_200,2,33,0
2008_201,158,0,0
2008_202,6,6,0
2008_203,6,5,0
2008_204,0,3,1
2008_205,8,1,0
2008_206,35,8,0
2008_207,19,4,1
2008_208,0,1,0
2008_209,1,1,0
2008_210,0,0,0
2008_211,2,0,1
2008_212,13,8,1
2008_213,32,2,0
2008_214,5,1,0
2008_215,78,1,0
2008_216,8,8,0
2008_217,26,1,0
2008_218,0,0,0
2008_219,0,0,0
2008_220,19,0,0
2008_221,9,11,0
2008_222,40,1,0
2008_223,28,4,0
2008_224,2,0,0
2008_225,11,1,0
2008_226,1,2,0
2008_227,1,4,0
2008_228,39,0,0
2008_229,1,4,2
2008_230,39,1,0
2008_231,17,6,0
2008_232,0,0,0
2008_233,0,1,3
2008_234,0,1,0
2008_235,2,0,2
2008_236,12,0,0
2008_237,6,2,0
2008_238,13,1,0
2008_239,0,2,3
2008_240,20,1,3
2008_241,25,1,0
2008_242,2,2,0
2008_243,1,7,0
2008_244,73,0,0
2008_245,4,2,0
2008_246,0,2,0
2008_247,10,9,0
2008_248,3,2,1
2008_249,11,0,1
2008_250,30,1,0
2009_1,9,0,1
2009_2,28,0,0
2009_3,5,3,0
2009_4,26,2,5
2009_5,0,20,0
2009_6,2,1,1
2009_7,9,2,0
2009_8,38,10,3
2009_9,9,5,1
2009_10,4,0,0
2009_11,54,5,0
2009_12,52,5,7
2009_13,11,0,7
2009_14,17,0,2
2009_15,49,8,0
2009_16,5,1,5
2009_17,1,1,5
2009_18,6,0,0
2009_19,11,1,0
2009_20,5,0,3
2009_21,11,0,0
2009_22,77,0,0
2009_23,80,0,4
2009_24,18,60,4
2009_25,2,0,3
2009_26,10,2,1
2009_27,24,1,17
2009_28,28,2,2
2009_29,60,2,0
2009_30,18,1,0
2009_31,39,1,0
2009_32,49,1,0
2009_33,0,0,3
2009_34,75,4,0
2009_35,47,4,1
2009_36,26,1,5
2009_37,25,0,0
2009_38,82,2,0
2009_39,79,15,0
2009_40,4,2,0
2009_41,3,1,0
2009_42,2,9,2
2009_43,4,4,0
2009_44,13,7,0
2009_45,4,26,2
2009_46,28,3,0
2009_47,0,21,1
2009_48,28,0,0
2009_49,16,5,2
2009_50,63,2,0
2009_51,11,1,3
2009_52,0,1,0
2009_53,2,2,5
2009_54,22,2,0
2009_55,5,5,3
2009_56,13,4,0
2009_57,66,0,0
2009_58,93,4,3
2009_59,22,1,0
2009_60,68,0,2
2009_61,13,5,0
2009_62,3,2,1
2009_63,33,3,0
2009_64,8,2,1
2009_65,88,2,0
2009_66,6,1,0
2009_67,4,1,0
2009_68,29,0,3
2009_69,1,0,0
2009_70,1,1,0
2009_71,2,2,0
2009_72,0,1,0
2009_73,7,1,0
2009_74,82,0,0
2009_75,40,26,6
2009_76,23,0,1
2009_77,2,4,1
2009_78,14,0,0
2009_79,10,0,0
2009_80,25,1,2
2009_81,7,1,1
2009_82,10,2,0
2009_83,38,0,0
2009_84,32,5,2
2009_85,28,2,0
2009_86,0,0,0
2009_87,43,6,6
2009_88,3,5,0
2009_89,11,0,0
2009_90,4,0,0
2009_91,6,0,0
2009_92,11,3,0
2009_93,36,2,0
2009_94,6,1,4
2009_95,47,1,0
2009_96,0,34,0
2009_97,40,1,0
2009_98,7,2,6
2009_99,12,2,0
2009_100,13,2,0
2009_101,48,4,4
2009_102,4,1,0
2009_103,30,1,0
2009_104,10,6,0
2009_105,7,2,0
2009_106,10,0,0
2009_107,13,3,0
2009_108,3,2,0
2009_109,42,0,1
2009_110,13,5,0
2009_111,13,0,9
2009_112,14,0,0
2009_113,84,23,0
2009_114,18,8,0
2009_115,0,0,0
2009_116,24,1,7
2009_117,8,7,0
2009_118,39,2,1
2009_119,30,1,0
2009_120,5,1,0
2009_121,59,5,0
2009_122,3,0,0
2009_123,111,1,0
2009_124,22,0,0
2009_125,10,5,0
2009_126,1,0,5
2009_127,0,5,2
2009_128,20,20,14
2009_129,15,4,0
2009_130,8,0,2
2009_131,9,2,4
2009_132,21,1,5
2009_133,61,1,0
2009_134,2,11,0
2009_135,14,2,0
2009_136,47,9,1
2009_137,0,0,0
2009_138,32,1,1
2009_139,7,1,0
2009_140,14,4,0
2009_141,5,3,0
2009_142,72,2,0
2009_143,12,4,0
2009_144,59,5,0
2009_145,32,23,2
2009_146,3,2,0
2009_147,17,10,0
2009_148,73,13,0
2009_149,3,4,0
2009_150,4,0,0
2009_151,1,14,5
2009_152,3,0,4
2009_153,0,14,1
2009_154,43,2,2
2009_155,5,0,0
2009_156,15,3,0
2009_157,6,7,1
2009_158,39,6,2
2009_159,11,0,0
2009_160,4,5,1
2009_161,64,8,1
2009_162,15,0,0
2009_163,76,1,0
2009_164,25,3,1
2009_165,19,1,0
2009_166,36,0,3
2009_167,0,0,0
2009_168,1,1,0
2009_169,7,3,3
2009_170,0,18,1
2009_171,81,0,3
2009_172,7,2,1
2009_173,1,0,0
2009_174,26,1,2
2009_175,19,3,0
2009_176,2,1,0
2009_177,1,0,0
2009_178,11,2,8
2009_179,6,0,0
2009_180,17,0,1
2009_181,42,2,1
2009_182,5,6,0
2009_183,24,4,0
2009_184,4,0,4
2009_185,40,0,9
2009_186,0,0,0
2009_187,19,4,0
2009_188,14,0,0
2009_189,17,1,0
2009_190,6,3,0
2009_191,51,5,0
2009_192,4,3,0
2009_193,78,4,0
2009_194,10,3,0
2009_195,1,20,0
2009_196,10,2,0
2009_197,43,25,1
2009_198,20,1,3
2009_199,17,33,2
2009_200,28,0,0
2009_201,1,1,0
2009_202,32,6,0
2009_203,27,6,2
2009_204,13,4,0
2009_205,32,0,0
2009_206,30,0,0
2009_207,12,5,0
2009_208,5,0,0
2009_209,13,1,7
2009_210,16,1,2
2009_211,8,25,1
2009_212,1,1,9
2009_213,2,1,0
2009_214,17,2,0
2009_215,5,8,16
2009_216,22,3,0
2009_217,2,1,3
2009_218,7,0,0
2009_219,6,7,0
2009_220,5,3,0
2009_221,6,1,1
2009_222,74,1,0
2009_223,12,3,0
2009_224,28,1,0
2009_225,4,0,1
2009_226,0,0,0
2009_227,29,4,0
2009_228,3,0,1
2009_229,40,4,0
2009_230,53,1,0
2009_231,9,1,0
2009_232,35,4,0
2009_233,8,1,8
2009_234,3,0,0
2009_235,16,0,0
2009_236,17,6,0
2009_237,10,2,0
2009_238,46,1,0
2009_239,7,0,0
2009_240,0,0,0
2009_241,5,17,2
2009_242,4,2,0
2009_243,63,0,0
2009_244,14,0,0
2009_245,47,0,0
2009_246,12,3,0
2009_247,34,8,0
2009_248,3,2,1
2009_249,16,0,2
2009_250,47,5,8
2009_251,46,5,0
2009_252,0,1,10
2009_253,29,0,1
2009_254,32,7,0
2009_255,8,2,0
2009_256,47,2,1
2009_257,1,1,1
2009_258,14,2,0
2009_259,1,1,0
2009_260,2,2,0
2009_261,41,1,9
2009_262,1,0,0
2010_1,6,1,0
2010_2,0,0,8
2010_3,1,0,0
2010_4,16,2,0
2010_5,3,2,0
2010_6,14,0,3
2010_7,0,2,1
2010_8,4,7,3
2010_9,0,0,11
2010_10,1,11,0
2010_11,50,0,6
2010_12,27,4,18
2010_13,50,1,2
2010_14,9,0,0
2010_15,2,2,0
2010_16,22,4,15
2010_17,34,5,9
2010_18,1,0,2
2010_19,3,1,1
2010_20,40,0,0
2010_21,3,1,2
2010_22,33,20,0
2010_23,22,10,3
2010_24,31,0,0
2010_25,2,0,11
2010_26,17,3,0
2010_27,21,3,0
2010_28,23,0,4
2010_29,16,9,2
2010_30,11,1,0
2010_31,4,1,0
2010_32,5,0,0
2010_33,4,43,0
2010_34,59,15,2
2010_35,120,4,0
2010_36,7,1,0
2010_37,7,3,16
2010_38,7,0,0
2010_39,28,0,0
2010_40,58,0,0
2010_41,15,0,2
2010_42,6,3,1
2010_43,8,4,0
2010_44,3,2,0
2010_45,2,0,0
2010_46,4,1,0
2010_47,11,0,0
2010_48,50,3,1
2010_49,16,11,2
2010_50,0,0,6
2010_51,30,1,0
2010_52,9,2,0
2010_53,2,3,6
2010_54,23,1,0
2010_55,7,1,0
2010_56,36,14,2
2010_57,34,3,6
2010_58,53,5,26
2010_59,3,1,0
2010_60,44,11,2
2010_61,18,0,0
2010_62,16,1,0
2010_63,89,6,0
2010_64,78,4,0
2010_65,4,1,0
2010_66,33,2,1
2010_67,42,0,3
2010_68,24,0,0
2010_69,39,1,2
2010_70,18,2,0
2010_71,0,0,0
2010_72,10,0,0
2010_73,5,0,2
2010_74,4,0,0
2010_75,0,20,0
2010_76,9,1,1
2010_77,23,1,0
2010_78,40,2,0
2010_79,25,1,0
2010_80,35,3,9
2010_81,39,4,1
2010_82,12,1,1
2010_83,66,0,0
2010_84,4,1,0
2010_85,0,3,0
2010_86,8,1,0
2010_87,25,5,0
2010_88,59,1,0
2010_89,31,1,2
2010_90,7,1,4
2010_91,6,1,0
2010_92,2,33,0
2010_93,18,7,0
2010_94,0,37,2
2010_95,4,0,0
2010_96,26,2,0
2010_97,20,10,2
2010_98,1,11,0
2010_99,67,12,0
2010_100,11,3,0
2010_101,41,1,0
2010_102,62,3,0
2010_103,13,4,0
2010_104,23,1,0
2010_105,3,0,0
2010_106,2,10,1
2010_107,0,0,0
2010_108,67,10,1
2010_109,60,17,0
2010_110,12,4,1
2010_111,9,1,0
2010_112,5,0,0
2010_113,13,0,1
2010_114,4,0,3
2010_115,34,2,0
2010_116,1,5,3
2010_117,6,0,3
2010_118,12,1,1
2010_119,35,2,0
2010_120,143,1,1
2010_121,22,7,0
2010_122,18,3,0
2010_123,62,1,1
2010_124,4,0,3
2010_125,28,1,12
2010_126,20,0,0
2010_127,26,1,1
2010_128,7,2,0
2010_129,10,4,2
2010_130,9,1,0
2010_131,4,0,0
2010_132,88,3,1
2010_133,0,2,5
2010_134,67,1,1
2010_135,4,25,1
2010_136,17,1,0
2010_137,35,1,0
2010_138,5,2,1
2010_139,4,2,0
2010_140,70,4,0
2010_141,35,7,3
2010_142,5,2,0
2010_143,1,8,0
2010_144,17,1,0
2010_145,17,5,2
2010_146,50,5,0
2010_147,46,0,4
2010_148,26,0,0
2010_149,7,21,0
2010_150,8,2,0
2010_151,0,27,0
2010_152,96,1,3
2010_153,29,1,0
2010_154,8,0,0
2010_155,47,4,0
2010_156,30,2,0
2010_157,20,2,0
2010_158,22,0,0
2010_159,110,1,0
2010_160,0,0,0
2010_161,1,27,1
2010_162,44,3,0
2010_163,33,2,0
2010_164,16,3,0
2010_165,25,1,1
2010_166,6,2,0
2010_167,70,2,1
2010_168,5,3,0
2010_169,24,3,4
2010_170,20,15,2
2010_171,4,0,0
2010_172,42,10,9
2010_173,8,2,0
2010_174,4,2,0
2010_175,5,3,0
2010_176,0,1,4
2010_177,4,1,2
2010_178,57,2,0
2010_179,29,1,0
2010_180,4,4,18
2010_181,0,0,0
2010_182,4,0,0
2010_183,1,32,3
2010_184,0,17,0
2010_185,8,1,2
2010_186,11,2,0
2010_187,12,0,3
2010_188,0,0,5
2010_189,11,0,0
2010_190,4,0,0
2010_191,4,0,0
2010_192,15,0,0
2010_193,45,5,6
2010_194,19,2,5
2010_195,8,0,0
2010_196,31,5,0
2010_197,17,3,19
2010_198,5,0,0
2010_199,39,4,0
2010_200,10,2,0
2010_201,1,0,0
2010_202,15,0,0
2010_203,10,4,0
2010_204,27,9,10
2010_205,3,4,1
2010_206,0,0,0
2010_207,35,2,0
2010_208,0,1,0
2010_209,17,4,0
2010_210,3,1,0
2010_211,2,3,0
2010_212,6,3,0
2010_213,5,0,1
2010_214,28,1,0
2010_215,2,6,1
2010_216,0,4,4
2010_217,39,3,0
2010_218,21,14,0
2010_219,1,1,0
2010_220,65,1,1
2010_221,30,6,0
2010_222,83,2,1
2010_223,16,0,1
2010_224,4,0,0
2010_225,16,4,0
2010_226,20,0,0
2010_227,15,1,0
2010_228,29,3,1
2010_229,61,10,0
2010_230,20,5,0
2010_231,52,3,0
2010_232,21,3,8
2010_233,10,2,0
2010_234,41,13,0
2010_235,30,3,0
2010_236,14,9,3
2010_237,78,1,0
2010_238,21,1,0
2010_239,31,0,0
2010_240,2,1,0
2010_241,9,1,0
2010_242,3,10,0
2010_243,50,2,0
2010_244,4,0,0
2010_245,56,5,13
2010_246,13,1,0
2010_247,27,6,0
2010_248,23,4,3
2010_249,15,1,0
2010_250,0,28,0
2010_251,14,0,0
2010_252,54,2,0
2010_253,25,0,0
2010_254,73,0,0
2010_255,5,0,0
2010_256,54,3,0
2010_257,2,1,0
2010_258,0,35,0
2010_259,11,2,0
2010_260,38,2,2
2010_261,8,0,11
2010_262,12,2,0
2010_263,18,1,0
2010_264,15,1,0
2010_265,5,0,0
2010_266,2,7,0
2010_267,53,2,1
2010_268,87,0,1
2010_269,109,4,0
2010_270,7,3,0
2010_271,21,4,1
2010_272,8,1,0
2010_273,9,0,0
2010_274,7,2,1
2010_275,17,1,0
2010_276,41,0,2
2010_277,20,8,0
2010_278,8,0,1
2010_279,42,1,0
2010_280,15,0,2
2010_281,14,10,3
2010_282,85,1,0
2010_283,26,4,0
2010_284,1,2,1
2010_285,10,2,0
2010_286,18,1,0
2010_287,23,0,3
2010_288,41,1,0
2010_289,43,0,0
2010_290,0,0,12
2010_291,59,1,0
2010_292,16,1,0
2011_1,56,0,1
2011_2,10,0,2
2011_3,82,4,0
2011_4,28,0,3
2011_5,11,1,0
2011_6,3,0,1
2011_7,4,2,5
2011_8,51,2,0
2011_9,11,5,4
2011_10,45,3,0
2011_11,66,1,0
2011_12,0,0,0
2011_13,15,0,1
2011_14,40,0,2
2011_15,69,8,0
2011_16,44,11,0
2011_17,27,1,0
2011_18,2,0,3
2011_19,10,0,0
2011_20,31,6,0
2011_21,22,0,3
2011_22,20,0,2
2011_23,30,2,0
2011_24,4,3,0
2011_25,0,7,0
2011_26,16,1,0
2011_27,6,2,1
2011_28,28,0,1
2011_29,24,1,1
2011_30,19,4,0
2011_31,42,1,2
2011_32,9,2,0
2011_33,21,0,2
2011_34,67,11,0
2011_35,10,3,0
2011_36,65,2,0
2011_37,6,1,1
2011_38,65,0,0
2011_39,6,1,0
2011_40,1,0,0
2011_41,12,0,1
2011_42,13,2,0
2011_43,6,0,2
2011_44,10,0,4
2011_45,1,0,0
2011_46,16,6,0
2011_47,9,3,0
2011_48,20,4,0
2011_49,20,1,4
2011_50,36,2,0
2011_51,4,0,6
2011_52,0,3,0
2011_53,3,1,0
2011_54,15,3,0
2011_55,32,0,0
2011_56,27,0,0
2011_57,7,3,2
2011_58,4,0,0
2011_59,5,1,0
2011_60,7,1,8
2011_61,22,0,2
2011_62,15,3,3
2011_63,43,3,3
2011_64,23,3,0
2011_65,19,3,0
2011_66,23,5,0
2011_67,0,0,0
2011_68,8,0,2
2011_69,96,0,3
2011_70,18,2,0
2011_71,14,1,0
2011_72,45,5,10
2011_73,12,8,0
2011_74,31,12,0
2011_75,0,3,0
2011_76,15,0,0
2011_77,16,6,3
2011_78,50,2,3
2011_79,12,4,3
2011_80,36,4,0
2011_81,2,2,1
2011_82,39,10,0
2011_83,25,5,0
2011_84,16,30,0
2011_85,6,0,16
2011_86,2,20,5
2011_87,12,3,0
2011_88,0,0,0
2011_89,25,15,0
2011_90,42,1,0
2011_91,0,2,0
2011_92,4,0,0
2011_93,13,3,3
2011_94,0,24,0
2011_95,11,1,0
2011_96,38,4,10
2011_97,6,2,0
2011_98,0,0,0
2011_99,11,0,0
2011_100,35,5,3
2011_101,1,0,0
2011_102,24,9,1
2011_103,12,0,0
2011_104,28,15,0
2011_105,32,0,0
2011_106,6,2,0
2011_107,15,0,0
2011_108,2,1,1
2011_109,4,2,1
2011_110,4,3,0
2011_111,6,32,2
2011_112,10,5,0
2011_113,52,14,2
2011_114,57,2,0
2011_115,3,1,0
2011_116,6,0,2
2011_117,64,0,0
2011_118,26,0,0
2011_119,26,0,1
2011_120,25,1,0
2011_121,2,0,2
2011_122,4,0,0
2011_123,29,0,0
2011_124,32,5,2
2011_125,63,5,3
2011_126,5,0,2
2011_127,6,1,4
2011_128,4,1,0
2011_129,7,1,0
2011_130,106,0,2
2011_131,47,3,2
2011_132,2,12,0
2011_133,6,1,0
2011_134,0,2,0
2011_135,0,0,0
2011_136,10,2,0
2011_137,23,3,1
2011_138,4,1,0
2011_139,29,2,3
2011_140,5,0,1
2011_141,1,3,1
2011_142,7,0,0
2011_143,5,1,0
2011_144,67,0,1
2011_145,17,20,0
2011_146,87,0,1
2011_147,18,0,1
2011_148,69,0,3
2011_149,4,3,0
2011_150,3,33,0
2011_151,70,0,1
2011_152,2,1,0
2011_153,0,10,0
2011_154,3,0,0
2011_155,18,5,0
2011_156,8,3,0
2011_157,33,3,1
2011_158,78,18,0
2011_159,6,2,0
2011_160,5,15,0
2011_161,59,0,1
2011_162,8,0,0
2011_163,14,0,3
2011_164,4,0,1
2011_165,14,0,3
2011_166,14,4,0
2011_167,13,0,1
2011_168,23,0,1
2011_169,3,8,3
2011_170,17,0,1
2011_171,32,0,0
2011_172,13,0,0
2011_173,6,1,0
2011_174,0,0,0
2011_175,70,3,0
2011_176,23,2,0
2011_177,59,1,0
2011_178,10,0,0
2011_179,36,2,2
2011_180,53,0,0
2011_181,24,7,0
2011_182,5,0,0
2011_183,9,0,0
2011_184,49,0,0
2011_185,27,1,0
2011_186,9,0,0
2011_187,29,1,0
2011_188,2,41,2
2011_189,11,5,0
2011_190,56,0,1
2011_191,35,0,0
2011_192,35,9,0
2011_193,4,0,0
2011_194,52,0,0
2011_195,44,1,2
2011_196,59,0,0
2011_197,29,5,0
2011_198,0,0,0
2011_199,0,0,0
2011_200,76,3,2
2011_201,7,3,3
2011_202,35,3,0
2011_203,46,0,0
2011_204,5,1,0
2011_205,20,1,0
2011_206,3,2,0
2011_207,29,1,0
2011_208,16,13,2
2011_209,2,0,1
2011_210,3,0,2
2011_211,48,0,0
2011_212,46,0,0
2011_213,0,0,0
2011_214,2,0,1
2011_215,22,2,0
2011_216,30,12,0
2011_217,5,4,0
2011_218,33,2,0
2011_219,44,9,5
2011_220,15,2,0
2011_221,38,1,0
2011_222,53,1,3
2011_223,20,0,0
2011_224,8,3,0
2011_225,26,0,3
2011_226,0,17,0
2011_227,8,27,2
2011_228,8,0,0
2011_229,78,6,5
2011_230,8,7,1
2011_231,65,3,0
2011_232,56,3,11
2011_233,2,1,0
2011_234,34,3,5
2011_235,43,3,3
2011_236,45,0,1
2011_237,37,4,0
2011_238,9,3,0
2011_239,3,1,0
2011_240,0,0,0
2011_241,29,2,0
2011_242,47,3,0
2011_243,10,3,0
2011_244,28,3,1
2011_245,12,2,0
2011_246,0,38,0
2011_247,15,1,0
2011_248,16,0,2
2011_249,34,1,0
2011_250,10,2,0
2011_251,135,0,0
2011_252,9,5,0
2011_253,25,3,1
2011_254,3,0,0
2011_255,50,14,2
2011_256,3,11,0
2011_257,16,0,0
2011_258,11,1,2
2011_259,6,0,0
2011_260,36,5,2
2011_261,11,31,0
2011_262,17,12,5
2011_263,7,2,1
2011_264,0,0,0
2011_265,11,2,1
2011_266,0,0,0
2011_267,24,1,0
2011_268,89,5,0
2011_269,5,1,0
2011_270,4,0,13
2011_271,37,3,1
2011_272,17,0,0
2011_273,32,0,1
2011_274,163,0,0
2011_275,2,9,0
2011_276,39,4,0
2011_277,14,0,0
2011_278,42,3,1
2011_279,11,4,2
2011_280,35,0,0
2011_281,69,6,5
2011_282,34,5,0
2011_283,24,4,0
2011_284,1,28,1
2011_285,4,0,3
2011_286,24,7,0
2011_287,2,19,0
2011_288,41,1,0
2011_289,24,0,0
2011_290,7,3,1
2011_291,22,28,2
2011_292,24,1,0
2011_293,2,1,0
2011_294,59,3,0
2011_295,1,7,0
2011_296,9,2,1
2011_297,24,1,0
2011_298,0,0,4
2011_299,43,5,0
2011_300,0,3,2
2011_301,33,0,1
2011_302,3,3,0
2011_303,4,1,0
2011_304,6,0,4
2011_305,22,0,0
2012_1,4,0,11
2012_2,30,4,3
2012_3,3,1,3
2012_4,6,1,0
2012_5,2,14,0
2012_6,10,1,0
2012_7,4,0,1
2012_8,33,5,0
2012_9,72,1,0
2012_10,13,2,1
2012_11,54,3,0
2012_12,24,1,7
2012_13,8,3,6
2012_14,1,1,3
2012_15,7,0,0
2012_16,25,0,0
2012_17,5,0,3
2012_18,15,3,0
2012_19,6,2,0
2012_20,3,0,0
2012_21,0,16,0
2012_22,12,1,0
2012_23,35,3,0
2012_24,82,3,0
2012_25,83,4,0
2012_26,15,10,0
2012_27,2,3,0
2012_28,26,2,4
2012_29,4,1,0
2012_30,11,0,0
2012_31,16,0,0
2012_32,13,4,0
2012_33,52,6,0
2012_34,19,1,10
2012_35,28,0,0
2012_36,14,3,0
2012_37,53,0,0
2012_38,24,0,0
2012_39,32,11,4
2012_40,29,0,2
2012_41,3,1,0
2012_42,1,0,0
2012_43,16,0,1
2012_44,10,4,0
2012_45,19,2,0
2012_46,29,1,1
2012_47,19,9,0
2012_48,2,4,7
2012_49,20,1,3
2012_50,37,37,0
2012_51,10,4,0
2012_52,46,0,0
2012_53,20,0,0
2012_54,32,0,0
2012_55,27,1,0
2012_56,18,0,0
2012_57,0,20,0
2012_58,36,19,2
2012_59,0,0,0
2012_60,7,4,0
2012_61,9,0,0
2012_62,29,1,0
2012_63,9,0,0
2012_64,12,1,0
2012_65,21,0,0
2012_66,42,4,8
2012_67,30,1,4
2012_68,6,3,0
2012_69,9,0,1
2012_70,14,4,1
2012_71,7,0,0
2012_72,34,0,1
2012_73,3,1,0
2012_74,36,28,6
2012_75,24,0,0
2012_76,0,4,1
2012_77,15,4,0
2012_78,6,5,2
2012_79,3,3,0
2012_80,25,5,0
2012_81,4,1,10
2012_82,19,1,0
2012_83,6,4,0
2012_84,12,0,4
2012_85,3,1,0
2012_86,83,3,4
2012_87,54,17,1
2012_88,2,3,1
2012_89,9,0,0
2012_90,6,1,0
2012_91,40,3,17
2012_92,49,3,0
2012_93,11,0,0
2012_94,46,3,0
2012_95,17,3,1
2012_96,29,13,0
2012_97,4,0,0
2012_98,2,10,0
2012_99,19,0,4
2012_100,31,0,4
2012_101,11,8,1
2012_102,58,0,0
2012_103,25,0,0
2012_104,55,0,0
2012_105,15,5,0
2012_106,3,15,0
2012_107,19,1,0
2012_108,4,1,15
2012_109,3,3,0
2012_110,17,0,0
2012_111,9,0,0
2012_112,9,6,0
2012_113,36,2,0
2012_114,23,3,0
2012_115,26,2,0
2012_116,17,6,0
2012_117,50,1,0
2012_118,23,0,0
2012_119,55,17,0
2012_120,0,3,0
2012_121,9,4,0
2012_122,1,35,0
2012_123,36,21,7
2012_124,26,1,5
2012_125,6,0,1
2012_126,23,7,4
2012_127,46,0,0
2012_128,10,0,0
2012_129,20,0,0
2012_130,9,0,0
2012_131,13,4,0
2012_132,30,1,0
2012_133,16,2,0
2012_134,23,0,2
2012_135,10,5,0
2012_136,8,3,2
2012_137,43,20,1
2012_138,30,3,0
2012_139,1,1,0
2012_140,12,0,0
2012_141,4,1,6
2012_142,15,11,1
2012_143,39,0,0
2012_144,2,0,0
2012_145,5,0,1
2012_146,3,28,3
2012_147,21,1,5
2012_148,55,22,2
2012_149,79,1,0
2012_150,27,3,0
2012_151,4,7,0
2012_152,23,0,0
2012_153,4,0,0
2012_154,39,0,2
2012_155,4,3,1
2012_156,1,0,0
2012_157,9,3,1
2012_158,7,1,0
2012_159,39,2,3
2012_160,26,0,0
2012_161,10,1,0
2012_162,25,0,0
2012_163,21,3,0
2012_164,43,2,0
2012_165,59,1,0
2012_166,39,4,0
2012_167,14,1,1
2012_168,4,4,0
2012_169,10,0,0
2012_170,1,0,0
2012_171,23,4,0
2012_172,13,1,0
2012_173,2,0,2
2012_174,8,6,0
2012_175,24,1,0
2012_176,2,2,0
2012_177,3,0,0
2012_178,17,0,0
2012_179,117,1,0
2012_180,22,0,0
2012_181,14,5,1
2012_182,2,0,0
2012_183,5,1,0
2012_184,33,0,1
2012_185,4,0,0
2012_186,5,10,13
2012_187,48,1,0
2012_188,6,25,0
2012_189,30,2,0
2012_190,21,2,0
2012_191,11,5,2
2012_192,68,1,1
2012_193,9,5,0
2012_194,22,4,8
2012_195,17,6,0
2012_196,13,2,1
2012_197,41,5,0
2012_198,93,0,1
2012_199,90,2,0
2012_200,6,2,0
2012_201,34,0,2
2012_202,9,0,0
2012_203,22,0,2
2012_204,16,2,0
2012_205,0,43,6
2012_206,12,2,0
2012_207,4,2,0
2012_208,15,2,0
2012_209,69,10,2
2012_210,0,3,0
2012_211,8,0,0
2012_212,7,15,0
2012_213,17,0,0
2012_214,1,1,0
2012_215,2,5,0
2012_216,3,1,2
2012_217,8,4,0
2012_218,0,3,0
2012_219,19,0,0
2012_220,36,3,0
2012_221,1,12,1
2012_222,50,0,1
2012_223,7,0,2
2012_224,7,2,1
2012_225,2,7,0
2012_226,62,2,5
2012_227,19,2,2
2012_228,25,3,0
2012_229,3,1,0
2012_230,9,1,0
2012_231,10,3,0
2012_232,26,2,0
2012_233,9,0,1
2012_234,51,6,0
2012_235,10,3,0
2012_236,6,3,0
2012_237,0,12,2
2012_238,6,3,1
2012_239,46,0,0
2012_240,77,1,0
2012_241,46,0,0
2012_242,0,16,0
2012_243,61,1,3
2012_244,11,10,0
2012_245,10,6,2
2012_246,1,0,0
2012_247,47,2,0
2012_248,32,0,6
2012_249,120,5,1
2012_250,4,0,0
2012_251,6,0,0
2012_252,61,0,1
2012_253,7,2,0
2012_254,25,13,2
2012_255,78,15,1
2012_256,55,1,1
2012_257,17,3,0
2012_258,13,2,5
2012_259,24,0,0
2012_260,2,0,0
2012_261,6,0,0
2012_262,48,25,0
2012_263,26,4,0
2012_264,58,7,1
2012_265,24,2,0
2012_266,0,0,1
2012_267,10,7,1
2012_268,24,3,0
2012_269,14,2,0
2012_270,3,0,0
2012_271,51,1,0
2012_272,12,3,1
2012_273,36,4,0
2012_274,37,12,0
2012_275,32,2,0
2012_276,7,0,0
2012_277,8,2,2
2012_278,40,2,0
2012_279,20,0,0
2012_280,30,5,0
2012_281,3,0,0
2012_282,21,2,5
2012_283,6,2,0
2012_284,12,0,0
2012_285,85,0,0
2012_286,4,2,0
2012_287,64,2,7
2012_288,12,2,0
2012_289,1,1,0
2012_290,12,3,0
2012_291,13,2,0
2012_292,8,0,0
2012_293,2,0,0
2012_294,12,1,0
2012_295,62,1,0
2012_296,6,1,0
2012_297,15,0,0
2012_298,11,1,0
2012_299,78,9,4
2012_300,4,2,1
2012_301,17,3,0
2012_302,41,19,0
2012_303,14,3,0
2012_304,2,2,0
2012_305,4,0,0
2012_306,4,2,2
2012_307,6,2,0
2012_308,3,2,0
2012_309,43,0,0
2012_310,9,0,0
2012_311,20,3,0
2012_312,3,2,0
2012_313,3,0,0
2012_314,53,5,0
2012_315,29,6,14
2012_316,8,5,0
2012_317,6,15,4
2012_318,0,1,0
2012_319,24,0,0
2012_320,11,0,0
2012_321,5,0,0
2012_322,7,4,0
2012_323,0,4,0
2012_324,25,0,0
2012_325,11,0,4
2012_326,19,1,9
2012_327,10,1,1
2012_328,11,0,0
2012_329,44,11,1
2012_330,66,3,0
2012_331,1,5,2
2012_332,19,3,12
2012_333,8,3,0
2012_334,19,0,0
2012_335,7,0,0
2012_336,6,0,1
2012_337,18,1,0
2012_338,21,6,0
2012_339,0,1,0
2012_340,37,1,2
2012_341,16,49,0
2012_342,13,1,0
2012_343,20,0,0
2012_344,2,1,0
2012_345,17,2,0
2012_346,0,17,3
2012_347,24,0,1
2012_348,48,0,2
2012_349,4,0,0
2012_350,6,3,0
2012_351,90,0,1
2012_352,10,4,7
2012_353,35,2,0
2012_354,3,3,0
2012_355,34,0,0
2012_356,5,16,3
2012_357,75,9,11
2012_358,11,2,0
2012_359,2,0,0
2012_360,33,3,0
2012_361,40,7,4
2012_362,5,0,0
2012_363,20,0,0
2012_364,12,0,0
2012_365,24,0,0
2012_366,30,0,0
2012_367,41,16,5
2013_1,5,0,0
2013_2,3,0,0
2013_3,3,0,1
2013_4,0,1,0
2013_5,13,3,0
2013_6,33,0,0
2013_7,6,0,0
2013_8,7,0,0
2013_9,6,2,8
2013_10,2,1,0
2013_11,28,5,0
2013_12,8,1,0
2013_13,3,2,0
2013_14,34,0,1
2013_15,43,25,0
2013_16,9,7,0
2013_17,0,29,0
2013_18,1,30,1
2013_19,21,27,0
2013_20,5,11,0
2013_21,2,32,0
2013_22,15,8,0
2013_23,11,0,0
2013_24,1,0,0
2013_25,7,4,18
2013_26,32,9,0
2013_27,13,5,0
2013_28,1,6,0
2013_29,6,13,0
2013_30,1,0,0
2013_31,33,0,3
2013_32,4,2,0
2013_33,2,4,0
2013_34,5,15,0
2013_35,15,4,0
2013_36,4,1,2
2013_37,10,0,0
2013_38,4,3,0
2013_39,38,3,2
2013_40,54,1,1
2013_41,20,0,0
2013_42,10,0,1
2013_43,2,0,0
2013_44,10,1,0
2013_45,3,6,0
2013_46,6,1,0
2013_47,17,2,0
2013_48,0,0,0
2013_49,79,0,0
2013_50,23,3,0
2013_51,58,1,1
2013_52,13,1,0
2013_53,28,2,0
2013_54,15,1,0
2013_55,9,0,0
2013_56,4,0,0
2013_57,10,3,0
2013_58,22,0,2
2013_59,15,1,0
2013_60,11,0,0
2013_61,10,1,0
2013_62,41,0,0
2013_63,25,1,0
2013_64,29,3,0
2013_65,3,2,0
2013_66,6,8,0
2013_67,5,0,0
2013_68,1,0,0
2013_69,2,4,1
2013_70,26,9,6
2013_71,2,0,4
2013_72,15,0,0
2013_73,63,0,0
2013_74,3,0,0
2013_75,0,0,0
2013_76,24,0,0
2013_77,1,0,0
2013_78,3,0,0
2013_79,4,0,0
2013_80,11,0,0
2013_81,27,13,0
2013_82,13,2,0
2013_83,16,1,0
2013_84,9,2,0
2013_85,10,0,0
2013_86,25,0,0
2013_87,6,0,0
2013_88,14,1,0
2013_89,33,5,2
2013_90,10,15,1
2013_91,4,0,0
2013_92,2,0,0
2013_93,2,2,0
2013_94,4,1,0
2013_95,36,2,0
2013_96,29,0,6
2013_97,85,2,2
2013_98,11,1,0
2013_99,39,3,0
2013_100,89,2,0
2013_101,76,2,0
2013_102,51,3,0
2013_103,4,1,0
2013_104,34,1,0
2013_105,18,2,0
2013_106,10,4,1
2013_107,14,0,0
2013_108,4,1,0
2013_109,2,0,0
2013_110,30,0,2
2013_111,5,7,0
2013_112,27,0,3
2013_113,26,2,0
2013_114,7,0,0
2013_115,0,0,0
2013_116,71,1,0
2013_117,11,0,0
2013_118,56,1,0
2013_119,44,0,0
2013_120,42,0,0
2013_121,12,1,0
2013_122,7,5,0
2013_123,36,2,0
2013_124,15,3,0
2013_125,17,1,0
2013_126,6,0,0
2013_127,24,0,0
2013_128,5,1,0
2013_129,6,1,0
2013_130,1,0,0
2013_131,4,0,6
2013_132,6,0,5
2013_133,37,0,2
2013_134,7,1,4
2013_135,2,53,4
2013_136,2,11,2
2013_137,0,24,2
2013_138,1,29,0
2013_139,11,29,0
2013_140,2,14,0
2013_141,6,2,0
2013_142,7,3,0
2013_143,42,0,0
2013_144,23,2,0
2013_145,37,0,1
2013_146,43,7,0
2013_147,4,2,0
2013_148,25,25,0
2013_149,7,1,0
2013_150,22,3,0
2013_151,47,4,0
2013_152,3,0,0
2013_153,0,0,0
2013_154,28,0,0
2013_155,11,1,0
2013_156,36,0,0
2013_157,3,1,0
2013_158,29,0,0
2013_159,46,0,0
2013_160,2,0,0
2013_161,19,0,0
2013_162,19,2,1
2013_163,22,13,1
2013_164,11,28,0
2013_165,31,15,0
2013_166,28,3,1
2013_167,29,7,0
2013_168,31,3,0
2013_169,47,25,3
2013_170,64,8,3
2013_171,35,8,1
2013_172,21,32,0
2013_173,81,18,3
2013_174,8,13,0
2013_175,69,4,1
2013_176,61,43,3
2013_177,12,3,0
2013_178,21,4,0
2013_179,6,1,0
2013_180,1,0,1
2013_181,5,0,0
2013_182,26,6,0
2013_183,14,0,0
2013_184,3,0,5
2013_185,1,0,0
2013_186,128,1,0
2013_187,4,3,0
2013_188,12,3,0
2013_189,2,2,0
2013_190,23,10,0
2013_191,4,3,0
2013_192,8,4,0
2013_193,1,0,0
2013_194,3,18,0
2013_195,39,29,0
2013_196,5,34,6
2013_197,1,30,0
2013_198,76,8,0
2013_199,1,12,1
2013_200,0,16,1
2013_201,5,15,0
2013_202,10,15,0
2013_203,32,29,0
2013_204,24,32,3
2013_205,8,9,0
2013_206,10,0,0
2013_207,2,1,0
2013_208,108,2,0
2013_209,41,1,0
2013_210,56,5,1
2013_211,2,1,0
2013_212,7,5,0
2013_213,9,1,0
2013_214,60,11,2
2013_215,32,8,0
2013_216,18,2,0
2013_217,44,1,0
2013_218,6,0,1
2013_219,12,1,6
2013_220,18,3,1
2013_221,14,3,3
2013_222,31,0,3
2013_223,4,10,0
2013_224,12,2,1
2013_225,6,4,0
2013_226,15,5,2
2013_227,14,0,0
2013_228,4,3,0
2013_229,32,4,0
2013_230,25,6,1
2013_231,14,2,2
2013_232,19,5,0
2013_233,9,2,0
2013_234,1,12,0
2013_235,8,0,0
2013_236,7,0,0
2013_237,3,3,0
2013_238,17,2,1
2013_239,51,0,3
2013_240,1,0,0
2013_241,6,4,1
2013_242,44,0,1
2013_243,3,1,0
2013_244,4,0,0
2013_245,121,0,0
2013_246,7,0,0
2013_247,1,0,1
2013_248,1,0,0
2013_249,3,1,0
2013_250,5,1,0
2013_251,46,2,0
2013_252,12,1,0
2013_253,2,0,0
2013_254,9,0,0
2013_255,10,3,0
2013_256,14,2,0
2013_257,4,1,0
2013_258,13,0,0
2013_259,3,0,0
2013_260,15,4,0
2013_261,7,3,0
2013_262,0,0,0
2013_263,5,1,0
2013_264,6,0,0
2013_265,8,4,3
2013_266,11,3,1
2013_267,11,2,0
2013_268,6,1,0
2013_269,5,2,0
2013_270,86,0,3
2013_271,5,1,1
2013_272,27,1,1
2013_273,22,1,0
2013_274,19,1,2
2013_275,9,1,0
2013_276,10,5,0
2013_277,3,4,5
2013_278,5,5,0
2013_279,8,0,0
2013_280,3,0,0
2013_281,27,1,1
2013_282,5,1,0
2013_283,10,0,0
2013_284,16,1,2
2013_285,2,2,1
2013_286,60,0,1
2013_287,0,2,0
2013_288,0,1,0
2013_289,5,0,0
2013_290,42,1,0
2013_291,12,0,0
2013_292,20,0,0
2013_293,70,0,0
2013_294,27,5,0
2013_295,14,0,0
2013_296,26,4,0
2013_297,13,0,0
2013_298,23,0,2
2013_299,6,0,2
2013_300,5,0,1
2013_301,10,0,0
2013_302,48,1,0
2013_303,2,0,3
2013_304,0,3,0
2013_305,1,3,1
2013_306,5,0,0
2013_307,6,0,0
2013_308,48,0,0
2013_309,49,23,0
2013_310,20,21,0
2013_311,33,2,0
2013_312,14,6,3
2013_313,1,0,2
2013_314,3,3,0
2013_315,11,5,0
2013_316,58,0,0
2013_317,4,0,0
2013_318,31,1,0
2013_319,10,1,0
2013_320,11,47,0
2013_321,44,2,0
2013_322,39,5,0
2013_323,67,0,0
2013_324,35,1,0
2013_325,1,4,4
2013_326,28,9,0
2013_327,21,1,0
2013_328,14,2,0
2013_329,46,1,0
2013_330,17,6,0
2013_331,86,0,0
2013_332,25,5,0
2013_333,5,3,0
2013_334,23,3,0
2013_335,38,1,0
2013_336,47,11,3
2013_337,29,0,18
2013_338,4,8,7
2013_339,37,14,4
2013_340,30,2,24
2013_341,26,0,3
2013_342,4,0,2
2013_343,28,0,2
2013_344,68,3,2
2013_345,0,0,9
2013_346,10,1,0
2013_347,0,5,5
2013_348,35,15,10
2013_349,66,1,25
2013_350,8,8,16
2013_351,19,12,9
2013_352,2,2,15
2013_353,45,0,2
2013_354,24,0,3
2013_355,69,8,0
2013_356,37,4,0
2013_357,59,3,0
2013_358,32,2,0
2013_359,72,0,6
2013_360,3,1,1
2014_1,18,0,0
2014_2,6,2,0
2014_3,15,4,0
2014_4,43,1,0
2014_5,30,0,0
2014_6,37,9,3
2014_7,2,4,0
2014_8,32,1,0
2014_9,10,16,1
2014_10,9,5,0
2014_11,13,4,0
2014_12,10,2,0
2014_13,28,1,2
2014_14,10,5,0
2014_15,20,8,2
2014_16,47,3,1
2014_17,16,23,0
2014_18,13,2,0
2014_19,24,2,0
2014_20,84,1,0
2014_21,48,1,0
2014_22,19,1,0
2014_23,12,0,0
2014_24,44,2,0
2014_25,9,2,0
2014_26,57,0,0
2014_27,39,1,0
2014_28,31,1,0
2014_29,21,1,0
2014_30,42,1,0
2014_31,7,3,0
2014_32,7,0,0
2014_33,2,1,0
2014_34,4,4,5
2014_35,4,0,0
2014_36,3,1,0
2014_37,7,1,0
2014_38,8,2,0
2014_39,4,0,0
2014_40,5,2,1
2014_41,0,26,0
2014_42,4,35,0
2014_43,1,12,0
2014_44,12,20,0
2014_45,38,6,0
2014_46,67,39,0
2014_47,18,10,7
2014_48,23,22,1
2014_49,41,12,0
2014_50,19,14,0
2014_51,35,16,0
2014_52,40,32,0
2014_53,38,21,0
2014_54,16,32,1
2014_55,33,25,6
2014_56,29,15,1
2014_57,42,15,1
2014_58,67,12,2
2014_59,9,4,0
2014_60,28,24,2
2014_61,19,23,2
2014_62,13,2,5
2014_63,16,2,0
2014_64,10,8,3
2014_65,16,1,6
2014_66,20,5,7
2014_67,87,3,1
2014_68,75,5,9
2014_69,37,0,1
2014_70,17,6,18
2014_71,2,1,0
2014_72,5,1,0
2014_73,4,2,1
2014_74,3,0,0
2014_75,13,0,0
2014_76,15,3,1
2014_77,1,0,0
2014_78,2,2,1
2014_79,3,0,0
2014_80,18,3,0
2014_81,11,2,0
2014_82,21,0,0
2014_83,16,0,0
2014_84,9,0,0
2014_85,1,2,0
2014_86,7,1,1
2014_87,2,1,8
2014_88,2,0,1
2014_89,3,2,4
2014_90,0,0,0
2014_91,44,1,0
2014_92,25,1,0
2014_93,7,2,10
2014_94,4,0,0
2014_95,3,1,0
2014_96,15,0,0
2014_97,6,0,0
2014_98,36,1,0
2014_99,35,2,0
2014_100,4,0,3
2014_101,0,0,0
2014_102,42,3,2
2014_103,12,3,0
2014_104,13,0,4
2014_105,2,3,0
2014_106,6,2,0
2014_107,9,0,0
2014_108,7,0,1
2014_109,28,0,0
2014_110,4,0,0
2014_111,27,0,1
2014_112,32,4,0
2014_113,11,3,8
2014_114,0,1,0
2014_115,11,9,0
2014_116,37,6,1
2014_117,8,36,0
2014_118,6,18,0
2014_119,44,11,0
2014_120,3,20,0
2014_121,27,8,1
2014_122,8,65,0
2014_123,38,6,2
2014_124,33,6,5
2014_125,21,36,0
2014_126,33,13,2
2014_127,34,25,2
2014_128,15,13,5
2014_129,60,14,1
2014_130,28,27,1
2014_131,65,21,1
2014_132,27,5,0
2014_133,0,0,4
2014_134,3,3,0
2014_135,7,2,0
2014_136,16,0,7
2014_137,7,0,0
2014_138,5,1,0
2014_139,9,2,3
2014_140,4,3,0
2014_141,12,5,0
2014_142,30,2,0
2014_143,2,0,0
2014_144,4,0,0
2014_145,32,2,0
2014_146,48,0,0
2014_147,11,1,0
2014_148,18,0,0
2014_149,36,0,0
2014_150,5,1,1
2014_151,47,5,0
2014_152,39,15,4
2014_153,15,3,0
2014_154,47,12,0
2014_155,31,2,0
2014_156,10,0,0
2014_157,11,0,0
2014_158,19,0,0
2014_159,54,3,0
2014_160,56,0,0
2014_161,22,3,0
2014_162,52,0,0
2014_163,9,0,0
2014_164,56,1,0
2014_165,53,0,0
2014_166,3,2,0
2014_167,28,6,0
2014_168,0,30,1
2014_169,4,7,0
2014_170,38,2,0
2014_171,0,0,0
2014_172,4,4,0
2014_173,6,2,0
2014_174,3,0,0
2014_175,8,0,0
2014_176,40,3,0
2014_177,8,3,0
2014_178,3,3,0
2014_179,23,2,0
2014_180,11,1,1
2014_181,22,3,2
2014_182,12,0,1
2014_183,7,11,0
2014_184,3,35,0
2014_185,1,1,0
2014_186,1,0,1
2014_187,12,4,0
2014_188,3,0,1
2014_189,6,1,1
2014_190,11,0,10
2014_191,52,1,7
2014_192,36,4,1
2014_193,0,0,5
2014_194,25,4,10
2014_195,77,1,0
2014_196,22,4,4
2014_197,22,7,6
2014_198,19,0,0
2014_199,14,8,3
2014_200,52,16,3
2014_201,10,38,0
2014_202,28,14,1
2014_203,18,11,10
2014_204,36,24,0
2014_205,37,0,0
2014_206,0,0,0
2014_207,5,1,0
2014_208,36,0,0
2014_209,5,2,0
2014_210,10,0,0
2014_211,7,1,0
2014_212,24,0,0
2014_213,36,1,0
2014_214,71,0,0
2014_215,63,1,0
2014_216,44,0,0
2014_217,14,0,0
2014_218,8,0,0
2014_219,39,10,0
2014_220,40,3,0
2014_221,7,0,0
2014_222,8,0,0
2014_223,56,20,0
2014_224,28,0,0
2014_225,11,1,0
2014_226,12,0,0
2014_227,40,4,0
2014_228,2,0,1
2014_229,2,1,0
2014_230,6,1,0
2014_231,6,1,0
2014_232,39,0,1
2014_233,15,1,0
2014_234,20,4,0
2014_235,4,1,0
2014_236,11,1,4
2014_237,39,6,0
2014_238,23,1,0
2014_239,15,3,0
2014_240,15,3,0
2014_241,47,2,0
2014_242,14,0,0
2014_243,5,2,0
2014_244,2,0,0
2014_245,15,1,0
2014_246,21,9,0
2014_247,77,1,0
2014_248,44,5,0
2014_249,2,0,0
2014_250,46,1,0
2014_251,6,0,0
2014_252,13,2,0
2014_253,54,0,0
2014_254,3,1,0
2014_255,5,0,1
2014_256,8,7,0
2014_257,6,3,0
2014_258,12,0,0
2014_259,28,4,0
2014_260,15,0,0
2014_261,5,0,0
2014_262,10,2,0
2014_263,63,27,3
2014_264,11,24,2
2014_265,31,35,0
2014_266,38,16,0
2014_267,13,1,0
2014_268,17,4,9
2014_269,9,4,0
2014_270,12,4,1
2014_271,15,4,6
2014_272,1,0,0
2014_273,3,0,1
2014_274,47,0,1
2014_275,40,8,0
2014_276,5,0,0
2014_277,2,0,1
2014_278,5,0,2
2014_279,0,0,0
2014_280,26,2,0
2014_281,20,11,1
2014_282,35,6,0
2014_283,21,2,0
2014_284,13,3,2
2014_285,12,1,1
2014_286,16,1,0
2014_287,19,0,0
2014_288,21,0,0
2014_289,46,3,0
2014_290,22,2,0
2014_291,38,1,0
2014_292,41,0,8
2014_293,28,0,0
2014_294,7,0,1
2014_295,15,3,0
2014_296,13,0,0
2014_297,35,2,0
2014_298,11,0,0
2014_299,4,0,0
2014_300,1,0,6
2014_301,6,1,0
2014_302,1,10,0
2014_303,4,0,1
2014_304,0,1,1
2014_305,13,3,0
2014_306,30,2,0
2014_307,24,0,0
2014_308,2,1,0
2014_309,51,2,0
2014_310,10,1,0
2014_311,2,3,4
2014_312,7,0,9
2014_313,5,13,0
2014_314,4,0,0
2014_315,12,1,0
2014_316,5,0,0
2014_317,22,1,0
2014_318,15,2,4
2014_319,2,2,1
2014_320,61,5,0
2014_321,43,19,5
2014_322,80,24,1
2014_323,7,15,4
2014_324,23,4,2
2014_325,29,7,2
2014_326,38,15,3
2014_327,57,16,1
2014_328,37,13,4
2014_329,22,15,1
2014_330,22,52,0
2014_331,37,0,0
2014_332,5,3,2
2014_333,21,1,0
2014_334,3,0,2
2014_335,27,8,0
2014_336,12,5,0
2014_337,28,3,0
2014_338,9,2,0
2014_339,18,4,0
2014_340,54,1,0
2014_341,4,2,1
2014_342,20,1,1
2014_343,35,1,0
2014_344,16,0,1
2014_345,8,2,1
2014_346,2,1,18
2014_347,60,1,1
2014_348,12,1,0
2014_349,12,3,3
2014_350,2,7,1
2014_351,4,3,5
2014_352,22,3,3
2014_353,26,0,1
2014_354,1,1,0
2014_355,3,0,0
2014_356,28,0,0
2014_357,12,1,0
2014_358,11,0,0
2014_359,39,10,3
2014_360,3,0,1
2014_361,9,3,0
2014_362,4,1,1
2014_363,1,0,0
2014_364,1,1,0
2014_365,14,0,0
2014_366,6,0,0
2014_367,1,0,0
2014_368,25,1,0
2014_369,41,1,0
2014_370,6,4,0
2014_371,14,3,0
2014_372,14,2,0
2014_373,47,8,0
2014_374,51,5,4
2014_375,13,4,0
2014_376,35,0,0
2014_377,12,0,0
2014_378,12,0,0
2014_379,54,0,3
2014_380,0,1,1
2014_381,3,0,0
2014_382,6,0,0
2014_383,8,1,0
2014_384,21,1,0
2014_385,86,0,0
2014_386,17,2,1
2014_387,16,1,0
2014_388,2,1,0
2014_389,13,4,0
2014_390,3,2,1
2014_391,6,0,0
2014_392,7,0,0
2014_393,15,3,0
2014_394,4,0,0
2014_395,3,5,0
2014_396,12,3,0
2014_397,1,0,2
2014_398,4,2,0
2014_399,27,2,2
2014_400,8,1,0
2014_401,1,6,0
2014_402,2,41,1
2014_403,5,5,0
2014_404,0,18,0
2014_405,22,16,0
2014_406,38,0,0
2014_407,44,5,0
2014_408,45,2,0
2014_409,10,3,0
2014_410,21,1,0
2014_411,70,2,0
2015_1,4,29,7
2015_2,9,24,2
2015_3,14,19,0
2015_4,14,12,3
2015_5,26,28,5
2015_6,9,6,0
2015_7,32,8,6
2015_8,12,14,2
2015_9,13,24,6
2015_10,9,15,2
2015_11,42,3,0
2015_12,13,4,2
2015_13,23,4,0
2015_14,30,21,0
2015_15,30,26,1
2015_16,24,51,0
2015_17,18,14,2
2015_18,3,12,1
2015_19,24,27,0
2015_20,15,9,0
2015_21,20,19,0
2015_22,44,17,0
2015_23,39,15,0
2015_24,36,1,0
2015_25,14,5,0
2015_26,7,1,0
2015_27,0,4,0
2015_28,12,5,0
2015_29,9,9,0
2015_30,21,0,1
2015_31,3,0,1
2015_32,28,29,1
2015_33,13,2,0
2015_34,21,31,0
2015_35,8,3,1
2015_36,47,9,4
2015_37,14,5,0
2015_38,31,17,1
2015_39,17,2,0
2015_40,38,3,0
2015_41,70,0,0
2015_42,2,0,2
2015_43,26,5,1
2015_44,80,2,0
2015_45,11,3,1
2015_46,16,4,0
2015_47,32,2,1
2015_48,2,2,3
2015_49,3,3,0
2015_50,17,2,0
2015_51,47,3,0
2015_52,5,3,0
2015_53,2,1,0
2015_54,17,5,1
2015_55,104,0,0
2015_56,10,1,0
2015_57,32,1,0
2015_58,27,2,0
2015_59,4,0,0
2015_60,16,2,0
2015_61,19,3,0
2015_62,17,0,0
2015_63,3,0,0
2015_64,11,1,0
2015_65,49,2,0
2015_66,12,4,0
2015_67,18,0,0
2015_68,10,0,2
2015_69,8,3,0
2015_70,17,2,2
2015_71,0,0,0
2015_72,0,11,0
2015_73,6,5,1
2015_74,9,8,0
2015_75,5,1,2
2015_76,2,4,0
2015_77,5,0,1
2015_78,6,0,1
2015_79,14,9,0
2015_80,25,1,0
2015_81,54,0,0
2015_82,0,0,0
2015_83,13,2,0
2015_84,16,1,0
2015_85,10,4,0
2015_86,21,9,1
2015_87,3,2,0
2015_88,2,2,0
2015_89,8,2,0
2015_90,49,0,0
2015_91,3,0,2
2015_92,20,4,0
2015_93,68,3,1
2015_94,3,2,0
2015_95,16,2,0
2015_96,7,0,1
2015_97,9,0,0
2015_98,21,2,0
2015_99,28,0,0
2015_100,45,1,0
2015_101,2,2,0
2015_102,1,0,0
2015_103,7,0,0
2015_104,3,2,0
2015_105,6,0,0
2015_106,3,0,0
2015_107,1,1,0
2015_108,18,0,0
2015_109,11,0,0
2015_110,9,0,2
2015_111,12,2,0
2015_112,10,1,0
2015_113,11,1,0
2015_114,22,5,0
2015_115,2,2,0
2015_116,55,0,0
2015_117,7,3,0
2015_118,12,3,0
2015_119,12,9,0
2015_120,15,2,0
2015_121,35,9,0
2015_122,6,0,0
2015_123,10,5,0
2015_124,11,0,0
2015_125,2,1,0
2015_126,12,1,0
2015_127,26,11,0
2015_128,21,6,0
2015_129,26,16,0
2015_130,5,0,0
2015_131,17,1,0
2015_132,27,45,1
2015_133,127,12,0
2015_134,54,1,0
2015_135,10,39,0
2015_136,4,1,0
2015_137,0,1,10
2015_138,37,1,0
2015_139,6,0,0
2015_140,27,5,0
2015_141,10,4,7
2015_142,17,20,6
2015_143,31,21,2
2015_144,13,19,2
2015_145,23,7,1
2015_146,21,8,10
2015_147,9,1,4
2015_148,14,2,6
2015_149,20,2,19
2015_150,25,14,4
2015_151,52,6,3
2015_152,27,29,2
2015_153,59,3,2
2015_154,17,7,0
2015_155,13,30,2
2015_156,30,13,0
2015_157,1,20,1
2015_158,3,58,0
2015_159,107,11,4
2015_160,19,0,1
2015_161,16,4,0
2015_162,30,0,1
2015_163,33,26,0
2015_164,51,17,0
2015_165,19,9,0
2015_166,33,3,2
2015_167,2,0,0
2015_168,4,0,0
2015_169,2,1,0
2015_170,1,1,1
2015_171,47,0,0
2015_172,11,7,0
2015_173,15,6,0
2015_174,5,9,0
2015_175,17,2,0
2015_176,1,1,0
2015_177,2,0,0
2015_178,14,3,0
2015_179,90,11,1
2015_180,12,6,0
2015_181,12,10,0
2015_182,4,1,0
2015_183,2,2,0
2015_184,1,0,0
2015_185,18,8,0
2015_186,21,3,0
2015_187,31,0,0
2015_188,0,0,0
2015_189,9,1,0
2015_190,9,0,0
2015_191,1,0,0
2015_192,10,0,0
2015_193,6,0,0
2015_194,6,1,0
2015_195,43,2,1
2015_196,1,0,0
2015_197,10,1,0
2015_198,10,4,0
2015_199,11,1,0
2015_200,7,0,0
2015_201,42,5,0
2015_202,3,5,0
2015_203,11,0,0
2015_204,48,1,0
2015_205,5,3,0
2015_206,12,2,1
2015_207,23,0,0
2015_208,13,0,0
2015_209,8,2,0
2015_210,14,3,0
2015_211,6,0,0
2015_212,54,4,0
2015_213,34,7,0
2015_214,18,24,0
2015_215,18,22,0
2015_216,13,3,7
2015_217,58,14,0
2015_218,21,26,1
2015_219,38,10,4
2015_220,13,7,2
2015_221,28,7,8
2015_222,21,19,1
2015_223,30,8,0
2015_224,18,13,0
2015_225,60,21,1
2015_226,28,6,0
2015_227,53,17,4
2015_228,57,5,1
2015_229,37,20,2
2015_230,19,24,3
2015_231,3,23,0
2015_232,11,3,1
2015_233,17,21,0
2015_234,23,17,0
2015_235,20,3,0
2015_236,102,2,0
2015_237,22,18,0
2015_238,38,20,0
2015_239,35,0,0
2015_240,84,2,0
2015_241,19,2,0
2015_242,17,5,0
2015_243,7,4,0
2015_244,9,8,0
2015_245,2,1,0
2015_246,6,1,0
2015_247,39,0,0
2015_248,2,1,0
2015_249,3,2,0
2015_250,67,0,0
2015_251,23,5,0
2015_252,10,0,0
2015_253,19,37,2
2015_254,29,2,2
2015_255,11,0,1
2015_256,13,7,0
2015_257,28,1,0
2015_258,6,1,0
2015_259,9,2,0
2015_260,9,0,2
2015_261,5,0,2
2015_262,7,0,0
2015_263,12,4,0
2015_264,37,1,0
2015_265,4,0,0
2015_266,60,1,0
2015_267,27,13,1
2015_268,7,0,0
2015_269,7,2,1
2015_270,12,1,0
2015_271,22,3,0
2015_272,0,0,1
2015_273,3,0,0
2015_274,6,0,0
2015_275,24,0,2
2015_276,2,1,0
2015_277,28,0,0
2015_278,0,2,0
2015_279,12,0,0
2015_280,5,0,0
2015_281,2,1,0
2015_282,5,0,0
2015_283,23,22,1
2015_284,16,0,0
2015_285,8,0,0
2015_286,14,5,0
2015_287,10,2,0
2015_288,8,2,0
2015_289,45,2,0
2015_290,3,2,0
2015_291,8,1,0
2015_292,14,0,0
2015_293,9,0,1
2015_294,9,5,0
2015_295,7,0,0
2015_296,9,2,0
2015_297,1,2,0
2015_298,20,0,0
2015_299,13,1,0
2015_300,3,2,0
2015_301,4,1,0
2015_302,5,1,0
2015_303,3,0,0
2015_304,32,1,0
2015_305,24,0,1
2015_306,6,4,0
2015_307,57,2,0
2015_308,14,0,0
2015_309,52,5,2
2015_310,42,1,1
2015_311,10,3,3
2015_312,14,0,1
2015_313,15,27,0
2015_314,6,3,16
2015_315,63,21,0
2015_316,119,18,0
2015_317,25,18,0
2015_318,38,14,3
2015_319,58,5,5
2015_320,54,19,0
2015_321,32,28,1
2015_322,14,81,1
2015_323,26,9,1
2015_324,30,26,5
2015_325,11,0,0
2015_326,52,9,0
2015_327,20,7,1
2015_328,5,5,0
2015_329,26,30,0
2015_330,4,30,3
2015_331,34,7,2
2015_332,43,9,0
2015_333,18,18,0
2015_334,15,0,0
2015_335,32,11,0
2015_336,8,1,0
2015_337,51,0,0
2015_338,9,5,1
2015_339,19,0,1
2015_340,24,29,0
2015_341,5,0,0
2015_342,19,2,0
2015_343,58,11,7
2015_344,22,0,0
2015_345,13,0,2
2015_346,12,1,0
2015_347,11,1,0
2015_348,1,0,0
2015_349,3,3,0
2015_350,76,4,1
2015_351,11,1,0
2015_352,46,7,0
2015_353,17,0,0
2015_354,7,2,0
2015_355,4,4,1
2015_356,100,0,0
2015_357,83,11,0
2015_358,0,2,0
2015_359,7,1,2
2015_360,8,3,0
2015_361,27,0,0
2015_362,58,0,0
2015_363,18,1,0
2015_364,5,0,1
2015_365,3,0,0
2015_366,8,7,1
2015_367,10,4,0
2015_368,36,4,0
2015_369,19,2,2
2015_370,27,4,1
2015_371,58,1,0
2015_372,7,2,0
2015_373,14,4,0
2015_374,21,2,2
2015_375,61,2,0
2015_376,9,2,0
2015_377,5,1,0
2015_378,4,2,1
2015_379,3,2,0
2015_380,26,5,2
2015_381,12,3,0
2015_382,2,3,0
2015_383,34,4,0
2015_384,27,0,0
2015_385,7,2,0
2015_386,2,2,0
2015_387,90,4,0
2015_388,14,0,0
2015_389,0,2,0
2015_390,4,0,0
2015_391,4,0,1
2015_392,23,0,0
2015_393,37,1,0
2015_394,14,0,0
2015_395,4,2,0
2015_396,1,1,0
2015_397,17,3,0
2015_398,22,1,0
2015_399,5,3,0
2015_400,15,3,0
2015_401,30,3,0
2015_402,26,5,0
2015_403,10,3,0
